Workbook

Sheet Acidic Catholyte_Na2SO4
A1: Electrode | B1: Inlet flow rate | C1: Flow rate (ml min-1) | D1: Catholyte | E1: Anolyte | F1: Membrane | G1: Applied current / A | H1: Time | I1: Duration / h | J1: area(H2) | K1: area(CO) | L1: area(CO2) | M1: area(CH4) | N1: area(O2) | O1: area(N2) | P1: c(H2) | Q1: c(CO) | R1: c(CO2) | S1: c(O2) | T1: FE(H2) | U1: FE(CO) | V1: FE(CH4) | W1: Total FE | X1: Carbon efficiency
A2: Ag60 GDE in PTFE holder | B2: 60 | C2: =+'Flow rate'!E1 -> 51.4 | D2: 0.3 M Na2SO4 | E2: 0.05 M H2SO4 | F2: CCM-CEM | G2: -0.107 | H2: 45412.484 | I2: 0 | J2: 0 | K2: 0 | L2: 0 | P2: =+J2/100 -> 0 | Q2: =+K2/100 -> 0 | R2: =+L2/100 -> 0 | S2: =+N2/100 -> 0 | T2: 0 | U2: 0 | W2: 0 | X2: 0
A3: Ag60 GDE in PTFE holder | B3: 60 | C3: =+'Flow rate'!E2 -> 54.1 | D3: 0.3 M Na2SO4 | E3: 0.05 M H2SO4 | F3: CCM-CEM | G3: -0.107 | H3: 45412.497 | I3: =+(H3-H$2)*24 -> 0.3 | J3: 1.463835 | K3: 0.13249176 | L3: 100.73552 | N3: 0.18274548 | O3: 0.41898139 | P3: =+J3/SUM($J3:$O3) -> 0.014221162 | Q3: =+K3/SUM($J3:$O3) -> 0.0012871579 | R3: =+L3/SUM($J3:$O3) -> 0.9786459 | S3: =+N3/SUM($J3:$O3) -> 0.0017753729 | T3: =+P3*C3/1000/60/24.3*2*96485/-1/G3 -> 0.95165787 | U3: =+Q3*C3/1000/60/24.3*2*96485/-1/G3 -> 0.086134587 | W3: =+T3+U3 -> 1.0377925 | X3: =+K3/(K3+L3) -> 0.0013135161
A4: Ag60 GDE in PTFE holder | B4: 60 | C4: =+'Flow rate'!E3 -> 56.4 | D4: 0.3 M Na2SO4 | E4: 0.05 M H2SO4 | F4: CCM-CEM | G4: -0.107 | H4: 45412.52 | I4: =+(H4-H$2)*24 -> 0.86666667 | J4: 1.5029162 | K4: 0.24351219 | L4: 100.87689 | N4: 0.11542301 | O4: 0.0020328663 | P4: =+J4/SUM($J4:$O4) -> 0.014628234 | Q4: =+K4/SUM($J4:$O4) -> 0.002370161 | R4: =+L4/SUM($J4:$O4) -> 0.98185838 | S4: =+N4/SUM($J4:$O4) -> 0.0011234391 | T4: =+P4*C4/1000/60/24.3*2*96485/-1/G4 -> 1.0205153 | U4: =+Q4*C4/1000/60/24.3*2*96485/-1/G4 -> 0.16535048 | W4: =+T4+U4 -> 1.1858658 | X4: =+K4/(K4+L4) -> 0.0024081409 | Y4: =+SUM(K4:L4) -> 101.12041
A5: Ag60 GDE in PTFE holder | B5: 60 | C5: =+'Flow rate'!E4 -> 58.2 | D5: 0.3 M Na2SO4 | E5: 0.05 M H2SO4 | F5: CCM-CEM | G5: -0.107 | H5: 45412.556 | I5: =+(H5-H$2)*24 -> 1.7333333 | J5: 1.3065707 | K5: 0.38515702 | L5: 100.99946 | N5: 0.08051441 | O5: 0.0016609532 | P5: =+J5/SUM($J5:$O5) -> 0.012713126 | Q5: =+K5/SUM($J5:$O5) -> 0.0037476347 | R5: =+L5/SUM($J5:$O5) -> 0.98273966 | S5: =+N5/SUM($J5:$O5) -> 0.00078341711 | T5: =+P5*C5/1000/60/24.3*2*96485/-1/G5 -> 0.91521649 | U5: =+Q5*C5/1000/60/24.3*2*96485/-1/G5 -> 0.26979179 | W5: =+T5+U5 -> 1.1850083 | X5: =+K5/(K5+L5) -> 0.0037989691
A6: Ag60 GDE in PTFE holder | B6: 60 | C6: =+'Flow rate'!E5 -> 58.7 | D6: 0.3 M Na2SO4 | E6: 0.05 M H2SO4 | F6: CCM-CEM | G6: -0.25 | H6: 45412.598 | I6: =+(H6-H$2)*24 -> 2.7333333 | J6: 0.66959518 | K6: 2.935072 | L6: 99.133421 | N6: 0.059833497 | O6: 0.0019212214 | P6: =+J6/SUM($J6:$O6) -> 0.0065135818 | Q6: =+K6/SUM($J6:$O6) -> 0.028551327 | R6: =+L6/SUM($J6:$O6) -> 0.96433436 | S6: =+N6/SUM($J6:$O6) -> 0.00058203879 | T6: =+P6*C6/1000/60/24.3*2*96485/-1/G6 -> 0.20241852 | U6: =+Q6*C6/1000/60/24.3*2*96485/-1/G6 -> 0.88727178 | W6: =+T6+U6 -> 1.0896903 | X6: =+K6/(K6+L6) -> 0.028755906 | Y6: =+SUM(K6:L6) -> 102.06849
A7: Ag60 GDE in PTFE holder | B7: 60 | C7: =+'Flow rate'!E6 -> 59.5 | D7: 0.3 M Na2SO4 | E7: 0.05 M H2SO4 | F7: CCM-CEM | G7: -0.25 | H7: 45412.64 | I7: =+(H7-H$2)*24 -> 3.75 | J7: 0.78932616 | K7: 2.7953559 | L7: 99.00726 | N7: 0.051699679 | O7: 0.0021336787 | P7: =+J7/SUM($J7:$O7) -> 0.0076898066 | Q7: =+K7/SUM($J7:$O7) -> 0.027233034 | R7: =+L7/SUM($J7:$O7) -> 0.9645527 | S7: =+N7/SUM($J7:$O7) -> 0.00050367079 | T7: =+P7*C7/1000/60/24.3*2*96485/-1/G7 -> 0.24222817 | U7: =+Q7*C7/1000/60/24.3*2*96485/-1/G7 -> 0.85783795 | W7: =+T7+U7 -> 1.1000661 | X7: =+K7/(K7+L7) -> 0.027458586
A8: Ag60 GDE in PTFE holder | B8: 60 | C8: =+'Flow rate'!E7 -> 59.3 | D8: 0.3 M Na2SO4 | E8: 0.05 M H2SO4 | F8: CCM-CEM | G8: -0.52 | H8: 45412.664 | I8: =+(H8-H$2)*24 -> 4.3166667 | J8: 0.68906852 | K8: 5.4731078 | L8: 96.947091 | N8: 0.050708369 | O8: 0.0016239342 | P8: =+J8/SUM($J8:$O8) -> 0.006679506 | Q8: =+K8/SUM($J8:$O8) -> 0.053053731 | R8: =+L8/SUM($J8:$O8) -> 0.93975948 | S8: =+N8/SUM($J8:$O8) -> 0.00049154307 | T8: =+P8*C8/1000/60/24.3*2*96485/-1/G8 -> 0.10081565 | U8: =+Q8*C8/1000/60/24.3*2*96485/-1/G8 -> 0.80075481 | W8: =+T8+U8 -> 0.90157046 | X8: =+K8/(K8+L8) -> 0.053437777 | Y8: =+SUM(K8:L8) -> 102.4202
A9: Ag60 GDE in PTFE holder | B9: 60 | C9: =+'Flow rate'!E8 -> 59.1 | D9: 0.3 M Na2SO4 | E9: 0.05 M H2SO4 | F9: CCM-CEM | G9: -0.52 | H9: 45412.688 | I9: =+(H9-H$2)*24 -> 4.8833333 | J9: 0.74276785 | K9: 5.6996067 | L9: 96.653978 | N9: 0.04967915 | O9: 0.0015866903 | P9: =+J9/SUM($J9:$O9) -> 0.007201018 | Q9: =+K9/SUM($J9:$O9) -> 0.055256794 | R9: =+L9/SUM($J9:$O9) -> 0.93704517 | S9: =+N9/SUM($J9:$O9) -> 0.00048163158 | T9: =+P9*C9/1000/60/24.3*2*96485/-1/G9 -> 0.10832041 | U9: =+Q9*C9/1000/60/24.3*2*96485/-1/G9 -> 0.83119341 | W9: =+T9+U9 -> 0.93951383 | X9: =+K9/(K9+L9) -> 0.055685462
A10: Ag60 GDE in PTFE holder | B10: 60 | C10: =+'Flow rate'!E9 -> 58.8 | D10: 0.3 M Na2SO4 | E10: 0.05 M H2SO4 | F10: CCM-CEM | G10: -0.52 | H10: 45412.712 | I10: =+(H10-H$2)*24 -> 5.4666667 | J10: 0.77996722 | K10: 5.6558228 | L10: 96.573859 | N10: 0.049579609 | O10: 0.0017831439 | P10: =+J10/SUM($J10:$O10) -> 0.0075680144 | Q10: =+K10/SUM($J10:$O10) -> 0.054878394 | R10: =+L10/SUM($J10:$O10) -> 0.93705522 | S10: =+N10/SUM($J10:$O10) -> 0.00048107046 | T10: =+P10*C10/1000/60/24.3*2*96485/-1/G10 -> 0.11326304 | U10: =+Q10*C10/1000/60/24.3*2*96485/-1/G10 -> 0.82131101 | W10: =+T10+U10 -> 0.93457405 | X10: =+K10/(K10+L10) -> 0.055324664 | Y10: =+SUM(K10:L10) -> 102.22968
A11: Ag60 GDE in PTFE holder | B11: 60 | C11: =+'Flow rate'!E10 -> 59.3 | D11: 0.3 M Na2SO4 | E11: 0.05 M H2SO4 | F11: CCM-CEM | G11: -0.76 | H11: 45412.748 | I11: =+(H11-H$2)*24 -> 6.3333333 | J11: 1.4276037 | K11: 7.558075 | L11: 94.284345 | N11: 0.047759776 | O11: 0.0075558353 | P11: =+J11/SUM($J11:$O11) -> 0.013816588 | Q11: =+K11/SUM($J11:$O11) -> 0.07314832 | R11: =+L11/SUM($J11:$O11) -> 0.91249974 | S11: =+N11/SUM($J11:$O11) -> 0.00046222714 | T11: =+P11*C11/1000/60/24.3*2*96485/-1/G11 -> 0.14268364 | U11: =+Q11*C11/1000/60/24.3*2*96485/-1/G11 -> 0.7554013 | W11: =+T11+U11 -> 0.89808494 | X11: =+K11/(K11+L11) -> 0.074213427
A12: Ag60 GDE in PTFE holder | B12: 60 | C12: =+'Flow rate'!E11 -> 59.6 | D12: 0.3 M Na2SO4 | E12: 0.05 M H2SO4 | F12: CCM-CEM | G12: -0.76 | H12: 45412.784 | I12: =+(H12-H$2)*24 -> 7.2 | J12: 1.7763367 | K12: 7.2003554 | L12: 93.12462 | N12: 0.049107445 | O12: 0.0015969927 | P12: =+J12/SUM($J12:$O12) -> 0.017389149 | Q12: =+K12/SUM($J12:$O12) -> 0.07048667 | R12: =+L12/SUM($J12:$O12) -> 0.91162782 | S12: =+N12/SUM($J12:$O12) -> 0.00048072908 | T12: =+P12*C12/1000/60/24.3*2*96485/-1/G12 -> 0.1804859 | U12: =+Q12*C12/1000/60/24.3*2*96485/-1/G12 -> 0.73159703 | W12: =+T12+U12 -> 0.91208293 | X12: =+K12/(K12+L12) -> 0.071770319 | Y12: =+SUM(K12:L12) -> 100.32498
A13: Ag60 GDE in PTFE holder | B13: 60 | C13: =+'Flow rate'!E12 -> 60.1 | D13: 0.3 M Na2SO4 | E13: 0.05 M H2SO4 | F13: CCM-CEM | G13: -1.1 | H13: 45412.82 | I13: =+(H13-H$2)*24 -> 8.0666667 | J13: 1.9805121 | K13: 7.2279469 | L13: 93.404633 | N13: 0.047472912 | O13: 0.0016647146 | P13: =+J13/SUM($J13:$O13) -> 0.019291536 | Q13: =+K13/SUM($J13:$O13) -> 0.070405124 | R13: =+L13/SUM($J13:$O13) -> 0.90982471 | S13: =+N13/SUM($J13:$O13) -> 0.00046241848 | T13: =+P13*C13/1000/60/24.3*2*96485/-1/G13 -> 0.13950214 | U13: =+Q13*C13/1000/60/24.3*2*96485/-1/G13 -> 0.50911785 | W13: =+T13+U13 -> 0.64861999 | X13: =+K13/(K13+L13) -> 0.071825118
A14: Ag60 GDE in PTFE holder | B14: 60 | C14: =+'Flow rate'!E13 -> 60.1 | D14: 0.3 M Na2SO4 | E14: 0.05 M H2SO4 | F14: CCM-CEM | G14: -1.1 | H14: 45412.844 | I14: =+(H14-H$2)*24 -> 8.6333333 | J14: 2.8631016 | K14: 8.4990976 | L14: 91.228941 | N14: 0.049279111 | O14: 0.0013292039 | P14: =+J14/SUM($J14:$O14) -> 0.027894124 | Q14: =+K14/SUM($J14:$O14) -> 0.082803515 | R14: =+L14/SUM($J14:$O14) -> 0.8888093 | S14: =+N14/SUM($J14:$O14) -> 0.00048010786 | T14: =+P14*C14/1000/60/24.3*2*96485/-1/G14 -> 0.2017097 | U14: =+Q14*C14/1000/60/24.3*2*96485/-1/G14 -> 0.59877386 | W14: =+T14+U14 -> 0.80048356 | X14: =+K14/(K14+L14) -> 0.085222749 | Y14: =+SUM(K14:L14) -> 99.728039
A15: Ag60 GDE in PTFE holder | B15: 60 | C15: =+'Flow rate'!E14 -> 60 | D15: 0.3 M Na2SO4 | E15: 0.05 M H2SO4 | F15: CCM-CEM | G15: -1.1 | H15: 45412.861 | I15: =+(H15-H$2)*24 -> 9.05 | J15: 2.9218101 | K15: 8.4724243 | L15: 91.268317 | N15: 0.048643687 | O15: 0.0012287746 | P15: =+J15/SUM($J15:$O15) -> 0.028446511 | Q15: =+K15/SUM($J15:$O15) -> 0.082486849 | R15: =+L15/SUM($J15:$O15) -> 0.88858109 | S15: =+N15/SUM($J15:$O15) -> 0.00047359107 | T15: =+P15*C15/1000/60/24.3*2*96485/-1/G15 -> 0.20536189 | U15: =+Q15*C15/1000/60/24.3*2*96485/-1/G15 -> 0.59549148 | W15: =+T15+U15 -> 0.80085337 | X15: =+K15/(K15+L15) -> 0.084944468
A16: Ag60 GDE in PTFE holder | B16: 60 | C16: =+'Flow rate'!E15 -> 60.1 | D16: 0.3 M Na2SO4 | E16: 0.05 M H2SO4 | F16: CCM-CEM | G16: -1.1 | H16: 45412.879 | I16: =+(H16-H$2)*24 -> 9.4833333 | J16: 2.9826454 | K16: 8.4328759 | L16: 91.165468 | N16: 0.049578841 | O16: 0.001648363 | P16: =+J16/SUM($J16:$O16) -> 0.029061492 | Q16: =+K16/SUM($J16:$O16) -> 0.082165972 | R16: =+L16/SUM($J16:$O16) -> 0.8882734 | S16: =+N16/SUM($J16:$O16) -> 0.00048307288 | T16: =+P16*C16/1000/60/24.3*2*96485/-1/G16 -> 0.21015125 | U16: =+Q16*C16/1000/60/24.3*2*96485/-1/G16 -> 0.59416362 | W16: =+T16+U16 -> 0.80431487 | X16: =+K16/(K16+L16) -> 0.084668836 | Y16: =+SUM(K16:L16) -> 99.598344
A17: Ag60 GDE in PTFE holder | B17: 60 | C17: =+'Flow rate'!E16 -> 59.8 | D17: 0.3 M Na2SO4 | E17: 0.05 M H2SO4 | F17: CCM-CEM | G17: -1.1 | H17: 45412.897 | I17: =+(H17-H$2)*24 -> 9.9 | J17: 3.0491527 | K17: 8.3290103 | L17: 91.144446 | N17: 0.048706979 | O17: 0.0014200486 | P17: =+J17/SUM($J17:$O17) -> 0.029726737 | Q17: =+K17/SUM($J17:$O17) -> 0.081201015 | R17: =+L17/SUM($J17:$O17) -> 0.88858355 | S17: =+N17/SUM($J17:$O17) -> 0.00047485307 | T17: =+P17*C17/1000/60/24.3*2*96485/-1/G17 -> 0.21388878 | U17: =+Q17*C17/1000/60/24.3*2*96485/-1/G17 -> 0.58425472 | W17: =+T17+U17 -> 0.7981435 | X17: =+K17/(K17+L17) -> 0.083730983
A18: Ag60 GDE in PTFE holder | B18: 60 | C18: =+'Flow rate'!E17 -> 63.5 | D18: 0.3 M Na2SO4 | E18: 0.05 M H2SO4 | F18: CCM-CEM | G18: -1.52 | H18: 45412.915 | I18: =+(H18-H$2)*24 -> 10.333333 | J18: 6.5798087 | K18: 9.000521 | L18: 87.175385 | N18: 0.050514351 | O18: 0.0015452262 | P18: =+J18/SUM($J18:$O18) -> 0.064001082 | Q18: =+K18/SUM($J18:$O18) -> 0.087547085 | R18: =+L18/SUM($J18:$O18) -> 0.84794546 | S18: =+N18/SUM($J18:$O18) -> 0.00049134758 | T18: =+P18*C18/1000/60/24.3*2*96485/-1/G18 -> 0.35387487 | U18: =+Q18*C18/1000/60/24.3*2*96485/-1/G18 -> 0.48406547 | W18: =+T18+U18 -> 0.83794034 | X18: =+K18/(K18+L18) -> 0.093583948 | Y18: =+SUM(K18:L18) -> 96.175906
A19: Ag60 GDE in PTFE holder | B19: 60 | C19: =+'Flow rate'!E18 -> 63.3 | D19: 0.3 M Na2SO4 | E19: 0.05 M H2SO4 | F19: CCM-CEM | G19: -1.52 | H19: 45412.932 | I19: =+(H19-H$2)*24 -> 10.75 | J19: 7.2556478 | K19: 8.6877688 | L19: 86.676271 | N19: 0.050171333 | O19: 0.0013235874 | P19: =+J19/SUM($J19:$O19) -> 0.070668786 | Q19: =+K19/SUM($J19:$O19) -> 0.084617403 | R19: =+L19/SUM($J19:$O19) -> 0.84421226 | S19: =+N19/SUM($J19:$O19) -> 0.00048866032 | T19: =+P19*C19/1000/60/24.3*2*96485/-1/G19 -> 0.38951127 | U19: =+Q19*C19/1000/60/24.3*2*96485/-1/G19 -> 0.46639307 | W19: =+T19+U19 -> 0.85590433 | X19: =+K19/(K19+L19) -> 0.091101099
A20: Ag60 GDE in PTFE holder | B20: 60 | C20: =+'Flow rate'!E19 -> 63.4 | D20: 0.3 M Na2SO4 | E20: 0.05 M H2SO4 | F20: CCM-CEM | G20: -1.52 | H20: 45412.95 | I20: =+(H20-H$2)*24 -> 11.183333 | J20: 7.4883165 | K20: 8.5670262 | L20: 86.596063 | N20: 0.049586392 | O20: 0.0015068947 | P20: =+J20/SUM($J20:$O20) -> 0.072912699 | Q20: =+K20/SUM($J20:$O20) -> 0.083415947 | R20: =+L20/SUM($J20:$O20) -> 0.84317387 | S20: =+N20/SUM($J20:$O20) -> 0.00048281582 | T20: =+P20*C20/1000/60/24.3*2*96485/-1/G20 -> 0.40251412 | U20: =+Q20*C20/1000/60/24.3*2*96485/-1/G20 -> 0.46049724 | W20: =+T20+U20 -> 0.86301136 | X20: =+K20/(K20+L20) -> 0.090024675 | Y20: =+SUM(K20:L20) -> 95.163089
A21: Ag60 GDE in PTFE holder | B21: 60 | C21: =+'Flow rate'!E20 -> 63 | D21: 0.3 M Na2SO4 | E21: 0.05 M H2SO4 | F21: CCM-CEM | G21: -1.52 | H21: 45412.967 | I21: =+(H21-H$2)*24 -> 11.6 | J21: 7.6126597 | K21: 8.5323629 | L21: 86.557595 | N21: 0.049815675 | O21: 0.0015299358 | P21: =+J21/SUM($J21:$O21) -> 0.074086288 | Q21: =+K21/SUM($J21:$O21) -> 0.083036826 | R21: =+L21/SUM($J21:$O21) -> 0.84237719 | S21: =+N21/SUM($J21:$O21) -> 0.00048480539 | T21: =+P21*C21/1000/60/24.3*2*96485/-1/G21 -> 0.40641251 | U21: =+Q21*C21/1000/60/24.3*2*96485/-1/G21 -> 0.45551216 | W21: =+T21+U21 -> 0.86192467 | X21: =+K21/(K21+L21) -> 0.08972938
A22: Ag60 GDE in PTFE holder | B22: 60 | C22: =+'Flow rate'!E21 -> 66.9 | D22: 0.3 M Na2SO4 | E22: 0.05 M H2SO4 | F22: CCM-CEM | G22: -2.1 | H22: 45412.985 | I22: =+(H22-H$2)*24 -> 12.033333 | J22: 7.6570528 | K22: 8.6137543 | L22: 86.358581 | N22: 0.049753137 | O22: 0.001422406 | P22: =+J22/SUM($J22:$O22) -> 0.074571589 | Q22: =+K22/SUM($J22:$O22) -> 0.083888849 | R22: =+L22/SUM($J22:$O22) -> 0.84104117 | S22: =+N22/SUM($J22:$O22) -> 0.00048454289 | T22: =+P22*C22/1000/60/24.3*2*96485/-1/G22 -> 0.31442169 | U22: =+Q22*C22/1000/60/24.3*2*96485/-1/G22 -> 0.35370674 | W22: =+T22+U22 -> 0.66812843 | X22: =+K22/(K22+L22) -> 0.09069751 | Y22: =+SUM(K22:L22) -> 94.972335
A23: Ag60 GDE in PTFE holder | B23: 60 | C23: =+'Flow rate'!E22 -> 66.8 | D23: 0.3 M Na2SO4 | E23: 0.05 M H2SO4 | F23: CCM-CEM | G23: -2.1 | H23: 45413.003 | I23: =+(H23-H$2)*24 -> 12.45 | J23: 11.836662 | K23: 8.6327435 | L23: 82.375399 | N23: 0.051067999 | O23: 0.0014338771 | P23: =+J23/SUM($J23:$O23) -> 0.11503374 | Q23: =+K23/SUM($J23:$O23) -> 0.08389669 | R23: =+L23/SUM($J23:$O23) -> 0.80055933 | S23: =+N23/SUM($J23:$O23) -> 0.00049630064 | T23: =+P23*C23/1000/60/24.3*2*96485/-1/G23 -> 0.48430025 | U23: =+Q23*C23/1000/60/24.3*2*96485/-1/G23 -> 0.35321104 | W23: =+T23+U23 -> 0.83751129 | X23: =+K23/(K23+L23) -> 0.094856825
A24: Ag60 GDE in PTFE holder | B24: 60 | C24: =+'Flow rate'!E23 -> 67.1 | D24: 0.3 M Na2SO4 | E24: 0.05 M H2SO4 | F24: CCM-CEM | G24: -2.1 | H24: 45413.021 | I24: =+(H24-H$2)*24 -> 12.883333 | J24: 12.158981 | K24: 8.4915474 | L24: 82.219292 | N24: 0.05071032 | O24: 0.0015641454 | P24: =+J24/SUM($J24:$O24) -> 0.11813772 | Q24: =+K24/SUM($J24:$O24) -> 0.082504611 | R24: =+L24/SUM($J24:$O24) -> 0.79884977 | S24: =+N24/SUM($J24:$O24) -> 0.00049270586 | T24: =+P24*C24/1000/60/24.3*2*96485/-1/G24 -> 0.49960189 | U24: =+Q24*C24/1000/60/24.3*2*96485/-1/G24 -> 0.34891024 | W24: =+T24+U24 -> 0.84851213 | X24: =+K24/(K24+L24) -> 0.093611165 | Y24: =+SUM(K24:L24) -> 90.71084
A25: Ag60 GDE in PTFE holder | B25: 60 | C25: =+'Flow rate'!E24 -> 66.7 | D25: 0.3 M Na2SO4 | E25: 0.05 M H2SO4 | F25: CCM-CEM | G25: -2.1 | H25: 45413.044 | I25: =+(H25-H$2)*24 -> 13.45 | J25: 12.364514 | K25: 8.3790034 | L25: 82.010761 | N25: 0.05112505 | O25: 0.0014344492 | P25: =+J25/SUM($J25:$O25) -> 0.12026937 | Q25: =+K25/SUM($J25:$O25) -> 0.081502394 | R25: =+L25/SUM($J25:$O25) -> 0.79771699 | S25: =+N25/SUM($J25:$O25) -> 0.00049729231 | T25: =+P25*C25/1000/60/24.3*2*96485/-1/G25 -> 0.50558462 | U25: =+Q25*C25/1000/60/24.3*2*96485/-1/G25 -> 0.34261721 | W25: =+T25+U25 -> 0.84820183 | X25: =+K25/(K25+L25) -> 0.092698587
A26: Ag60 GDE in PTFE holder | B26: 60 | C26: =+'Flow rate'!E25 -> 67.1 | D26: 0.3 M Na2SO4 | E26: 0.05 M H2SO4 | F26: CCM-CEM | G26: -2.1 | H26: 45413.062 | I26: =+(H26-H$2)*24 -> 13.883333 | J26: 12.658993 | K26: 8.0728871 | L26: 82.081489 | N26: 0.051090266 | O26: 0.0012190075 | P26: =+J26/SUM($J26:$O26) -> 0.12306333 | Q26: =+K26/SUM($J26:$O26) -> 0.07847989 | R26: =+L26/SUM($J26:$O26) -> 0.79794826 | S26: =+N26/SUM($J26:$O26) -> 0.0004966697 | T26: =+P26*C26/1000/60/24.3*2*96485/-1/G26 -> 0.5204322 | U26: =+Q26*C26/1000/60/24.3*2*96485/-1/G26 -> 0.33188978 | W26: =+T26+U26 -> 0.85232198 | X26: =+K26/(K26+L26) -> 0.08954515 | Y26: =+SUM(K26:L26) -> 90.154376
A27: Ag60 GDE in PTFE holder | B27: 60 | C27: =+'Flow rate'!E26 -> 75.2 | D27: 0.3 M Na2SO4 | E27: 0.05 M H2SO4 | F27: CCM-CEM | G27: -3.1 | H27: 45413.08 | I27: =+(H27-H$2)*24 -> 14.3 | J27: 20.412791 | K27: 7.5704488 | L27: 75.440615 | N27: 0.052569908 | O27: 0.0017152633 | P27: =+J27/SUM($J27:$O27) -> 0.1972667 | Q27: =+K27/SUM($J27:$O27) -> 0.073159884 | R27: =+L27/SUM($J27:$O27) -> 0.72904881 | S27: =+N27/SUM($J27:$O27) -> 0.00050802911 | T27: =+P27*C27/1000/60/24.3*2*96485/-1/G27 -> 0.63334771 | U27: =+Q27*C27/1000/60/24.3*2*96485/-1/G27 -> 0.23488832 | W27: =+T27+U27 -> 0.86823603 | X27: =+K27/(K27+L27) -> 0.09119807
A28: Ag60 GDE in PTFE holder | B28: 60 | C28: =+'Flow rate'!E27 -> 75.1 | D28: 0.3 M Na2SO4 | E28: 0.05 M H2SO4 | F28: CCM-CEM | G28: -3 | H28: 45413.098 | I28: =+(H28-H$2)*24 -> 14.733333 | J28: 20.830375 | K28: 7.7672551 | L28: 74.740942 | N28: 0.052582051 | O28: 0.0014786619 | P28: =+J28/SUM($J28:$O28) -> 0.20146866 | Q28: =+K28/SUM($J28:$O28) -> 0.075123873 | R28: =+L28/SUM($J28:$O28) -> 0.7228846 | S28: =+N28/SUM($J28:$O28) -> 0.0005085667 | T28: =+P28*C28/1000/60/24.3*2*96485/-1/G28 -> 0.66751104 | U28: =+Q28*C28/1000/60/24.3*2*96485/-1/G28 -> 0.24890231 | W28: =+T28+U28 -> 0.91641335 | X28: =+K28/(K28+L28) -> 0.094139192 | Y28: =+SUM(K28:L28) -> 82.508197
A29: Ag60 GDE in PTFE holder | B29: 60 | C29: =+'Flow rate'!E28 -> 74.9 | D29: 0.3 M Na2SO4 | E29: 0.05 M H2SO4 | F29: CCM-CEM | G29: -3 | H29: 45413.115 | I29: =+(H29-H$2)*24 -> 15.15 | J29: 21.20627 | K29: 7.5293663 | L29: 74.482074 | N29: 0.052192938 | O29: 0.0011605619 | P29: =+J29/SUM($J29:$O29) -> 0.20534571 | Q29: =+K29/SUM($J29:$O29) -> 0.072908771 | R29: =+L29/SUM($J29:$O29) -> 0.72122888 | S29: =+N29/SUM($J29:$O29) -> 0.0005053975 | T29: =+P29*C29/1000/60/24.3*2*96485/-1/G29 -> 0.67854471 | U29: =+Q29*C29/1000/60/24.3*2*96485/-1/G29 -> 0.24091987 | W29: =+T29+U29 -> 0.91946458 | X29: =+K29/(K29+L29) -> 0.091808732
A30: Ag60 GDE in PTFE holder | B30: 60 | C30: =+'Flow rate'!E29 -> 74.7 | D30: 0.3 M Na2SO4 | E30: 0.05 M H2SO4 | F30: CCM-CEM | G30: -3 | H30: 45413.133 | I30: =+(H30-H$2)*24 -> 15.583333 | J30: 21.224671 | K30: 7.6989486 | L30: 74.449024 | N30: 0.052775571 | O30: 0.0014800297 | P30: =+J30/SUM($J30:$O30) -> 0.20521423 | Q30: =+K30/SUM($J30:$O30) -> 0.074438551 | R30: =+L30/SUM($J30:$O30) -> 0.71982264 | S30: =+N30/SUM($J30:$O30) -> 0.0005102693 | T30: =+P30*C30/1000/60/24.3*2*96485/-1/G30 -> 0.67629953 | U30: =+Q30*C30/1000/60/24.3*2*96485/-1/G30 -> 0.24531807 | W30: =+T30+U30 -> 0.9216176 | X30: =+K30/(K30+L30) -> 0.093720494 | Y30: =+SUM(K30:L30) -> 82.147973
A31: Ag60 GDE in PTFE holder | B31: 60 | C31: =+'Flow rate'!E30 -> 75.1 | D31: 0.3 M Na2SO4 | E31: 0.05 M H2SO4 | F31: CCM-CEM | G31: -3 | H31: 45413.151 | I31: =+(H31-H$2)*24 -> 16 | J31: 21.371326 | K31: 7.5746158 | L31: 74.197659 | N31: 0.0525524 | O31: 0.0014246497 | P31: =+J31/SUM($J31:$O31) -> 0.20709135 | Q31: =+K31/SUM($J31:$O31) -> 0.073399162 | R31: =+L31/SUM($J31:$O31) -> 0.71898644 | S31: =+N31/SUM($J31:$O31) -> 0.00050924063 | T31: =+P31*C31/1000/60/24.3*2*96485/-1/G31 -> 0.68614028 | U31: =+Q31*C31/1000/60/24.3*2*96485/-1/G31 -> 0.24318795 | W31: =+T31+U31 -> 0.92932824 | X31: =+K31/(K31+L31) -> 0.092630611
A32: Ag60 GDE in PTFE holder | B32: 60 | C32: =+'Flow rate'!E31 -> 58 | D32: 0.3 M Na2SO4 | E32: 0.05 M H2SO4 | F32: CCM-CEM | G32: -3 | H32: 45413.169 | I32: =+(H32-H$2)*24 -> 16.433333 | J32: 2.9077594 | K32: 4.2576203 | L32: 95.269455 | N32: 0.047549913 | O32: 0.0014145764 | P32: =+J32/SUM($J32:$O32) -> 0.028372869 | Q32: =+K32/SUM($J32:$O32) -> 0.041544326 | R32: =+L32/SUM($J32:$O32) -> 0.92960503 | S32: =+N32/SUM($J32:$O32) -> 0.00046397493 | T32: =+P32*C32/1000/60/24.3*2*96485/-1/G32 -> 0.072600943 | U32: =+Q32*C32/1000/60/24.3*2*96485/-1/G32 -> 0.10630427 | W32: =+T32+U32 -> 0.17890522 | X32: =+K32/(K32+L32) -> 0.042778514 | Y32: =+SUM(K32:L32) -> 99.527075
A33: Ag60 GDE in PTFE holder | B33: 60 | C33: =+'Flow rate'!E32 -> 59 | D33: 0.3 M Na2SO4 | E33: 0.05 M H2SO4 | F33: CCM-CEM | G33: -3 | H33: 45413.186 | I33: =+(H33-H$2)*24 -> 16.85 | J33: 2.5367995 | K33: 4.0784107 | L33: 95.714603 | N33: 0.047968421 | O33: 0.0014579295 | P33: =+J33/SUM($J33:$O33) -> 0.024778456 | Q33: =+K33/SUM($J33:$O33) -> 0.039836306 | R33: =+L33/SUM($J33:$O33) -> 0.93490246 | S33: =+N33/SUM($J33:$O33) -> 0.0004685366 | T33: =+P33*C33/1000/60/24.3*2*96485/-1/G33 -> 0.064496666 | U33: =+Q33*C33/1000/60/24.3*2*96485/-1/G33 -> 0.10369125 | W33: =+T33+U33 -> 0.16818791 | X33: =+K33/(K33+L33) -> 0.0408687
A34: Ag60 GDE in PTFE holder | B34: 60 | C34: =+'Flow rate'!E33 -> 59.4 | D34: 0.3 M Na2SO4 | E34: 0.05 M H2SO4 | F34: CCM-CEM | G34: -3 | H34: 45413.21 | I34: =+(H34-H$2)*24 -> 17.416667 | J34: 2.4728036 | K34: 3.9764234 | L34: 95.948287 | N34: 0.047933524 | O34: 0.0015036057 | P34: =+J34/SUM($J34:$O34) -> 0.024137405 | Q34: =+K34/SUM($J34:$O34) -> 0.038814463 | R34: =+L34/SUM($J34:$O34) -> 0.93656557 | S34: =+N34/SUM($J34:$O34) -> 0.00046788629 | T34: =+P34*C34/1000/60/24.3*2*96485/-1/G34 -> 0.063254007 | U34: =+Q34*C34/1000/60/24.3*2*96485/-1/G34 -> 0.10171641 | W34: =+T34+U34 -> 0.16497042 | X34: =+K34/(K34+L34) -> 0.039794194 | Y34: =+SUM(K34:L34) -> 99.924711
A35: Ag60 GDE in PTFE holder | B35: 60 | C35: =+'Flow rate'!E34 -> 59.9 | D35: 0.3 M Na2SO4 | E35: 0.05 M H2SO4 | F35: CCM-CEM | G35: -3 | H35: 45413.228 | I35: =+(H35-H$2)*24 -> 17.85 | J35: 2.4564959 | K35: 3.8970733 | L35: 96.072864 | N35: 0.046996245 | O35: 0.12201385 | P35: =+J35/SUM($J35:$O35) -> 0.023943519 | Q35: =+K35/SUM($J35:$O35) -> 0.037984857 | R35: =+L35/SUM($J35:$O35) -> 0.93642428 | S35: =+N35/SUM($J35:$O35) -> 0.00045807342 | T35: =+P35*C35/1000/60/24.3*2*96485/-1/G35 -> 0.063274076 | U35: =+Q35*C35/1000/60/24.3*2*96485/-1/G35 -> 0.10038027 | W35: =+T35+U35 -> 0.16365434 | X35: =+K35/(K35+L35) -> 0.038982452
A36: Ag60 GDE in PTFE holder | B36: 60 | C36: =+'Flow rate'!E35 -> 59.8 | D36: 0.3 M Na2SO4 | E36: 0.05 M H2SO4 | F36: CCM-CEM | G36: -3 | H36: 45413.245 | I36: =+(H36-H$2)*24 -> 18.266667 | J36: 2.4716375 | K36: 3.8369865 | L36: 96.131211 | N36: 0.048734488 | O36: 0.0013146203 | P36: =+J36/SUM($J36:$O36) -> 0.024115917 | Q36: =+K36/SUM($J36:$O36) -> 0.03743771 | R36: =+L36/SUM($J36:$O36) -> 0.93795804 | S36: =+N36/SUM($J36:$O36) -> 0.00047550535 | T36: =+P36*C36/1000/60/24.3*2*96485/-1/G36 -> 0.063623268 | U36: =+Q36*C36/1000/60/24.3*2*96485/-1/G36 -> 0.098769186 | W36: =+T36+U36 -> 0.16239245 | X36: =+K36/(K36+L36) -> 0.038382072 | Y36: =+SUM(K36:L36) -> 99.968197
A37: Ag60 GDE in PTFE holder | B37: 60 | C37: =+'Flow rate'!E36 -> 61 | D37: 0.3 M Na2SO4 | E37: 0.05 M H2SO4 | F37: CCM-CEM | G37: -3 | H37: 45413.263 | I37: =+(H37-H$2)*24 -> 18.7 | J37: 2.4877875 | K37: 3.8092008 | L37: 96.4794 | N37: 0.048555647 | O37: 0.001472786 | P37: =+J37/SUM($J37:$O37) -> 0.024194051 | Q37: =+K37/SUM($J37:$O37) -> 0.037044963 | R37: =+L37/SUM($J37:$O37) -> 0.93827445 | S37: =+N37/SUM($J37:$O37) -> 0.00047220985 | T37: =+P37*C37/1000/60/24.3*2*96485/-1/G37 -> 0.065110262 | U37: =+Q37*C37/1000/60/24.3*2*96485/-1/G37 -> 0.099694228 | W37: =+T37+U37 -> 0.16480449 | X37: =+K37/(K37+L37) -> 0.03798239
A38: Ag60 GDE in PTFE holder | B38: 60 | C38: =+'Flow rate'!E37 -> 60.5 | D38: 0.3 M Na2SO4 | E38: 0.05 M H2SO4 | F38: CCM-CEM | G38: -3 | H38: 45413.281 | I38: =+(H38-H$2)*24 -> 19.116667 | J38: 2.5053423 | K38: 3.7807613 | L38: 96.434047 | N38: 0.047018862 | O38: 0.0014107024 | P38: =+J38/SUM($J38:$O38) -> 0.024378485 | Q38: =+K38/SUM($J38:$O38) -> 0.036789078 | R38: =+L38/SUM($J38:$O38) -> 0.93836119 | S38: =+N38/SUM($J38:$O38) -> 0.00045752177 | T38: =+P38*C38/1000/60/24.3*2*96485/-1/G38 -> 0.065068845 | U38: =+Q38*C38/1000/60/24.3*2*96485/-1/G38 -> 0.098194078 | W38: =+T38+U38 -> 0.16326292 | X38: =+K38/(K38+L38) -> 0.037726573 | Y38: =+SUM(K38:L38) -> 100.21481
A39: Ag60 GDE in PTFE holder | B39: 60 | C39: =+'Flow rate'!E38 -> 61 | D39: 0.3 M Na2SO4 | E39: 0.05 M H2SO4 | F39: CCM-CEM | G39: -3 | H39: 45413.299 | I39: =+(H39-H$2)*24 -> 19.55 | J39: 2.5451087 | K39: 3.7211869 | L39: 96.538019 | N39: 0.047209272 | O39: 0.0012405407 | P39: =+J39/SUM($J39:$O39) -> 0.024745166 | Q39: =+K39/SUM($J39:$O39) -> 0.036179746 | R39: =+L39/SUM($J39:$O39) -> 0.93860403 | S39: =+N39/SUM($J39:$O39) -> 0.00045899857 | T39: =+P39*C39/1000/60/24.3*2*96485/-1/G39 -> 0.066593405 | U39: =+Q39*C39/1000/60/24.3*2*96485/-1/G39 -> 0.097365785 | W39: =+T39+U39 -> 0.16395919 | X39: =+K39/(K39+L39) -> 0.037115663
A40: Ag60 GDE in PTFE holder | B40: 60 | C40: =+'Flow rate'!E39 -> 60.5 | D40: 0.3 M Na2SO4 | E40: 0.05 M H2SO4 | F40: CCM-CEM | G40: -3 | H40: 45413.316 | I40: =+(H40-H$2)*24 -> 19.966667 | J40: 2.5785077 | K40: 3.680736 | L40: 96.512851 | N40: 0.048061856 | O40: 0.0012922871 | P40: =+J40/SUM($J40:$O40) -> 0.025077527 | Q40: =+K40/SUM($J40:$O40) -> 0.035797356 | R40: =+L40/SUM($J40:$O40) -> 0.93864512 | S40: =+N40/SUM($J40:$O40) -> 0.00046743026 | T40: =+P40*C40/1000/60/24.3*2*96485/-1/G40 -> 0.066934667 | U40: =+Q40*C40/1000/60/24.3*2*96485/-1/G40 -> 0.095547063 | W40: =+T40+U40 -> 0.16248173 | X40: =+K40/(K40+L40) -> 0.036736243 | Y40: =+SUM(K40:L40) -> 100.19359
A41: Ag60 GDE in PTFE holder | B41: 60 | C41: =+'Flow rate'!E40 -> 61.1 | D41: 0.3 M Na2SO4 | E41: 0.05 M H2SO4 | F41: CCM-CEM | G41: -3 | H41: 45413.334 | I41: =+(H41-H$2)*24 -> 20.4 | J41: 2.5890255 | K41: 3.6584562 | L41: 96.349881 | N41: 0.047706822 | O41: 0.001251028 | P41: =+J41/SUM($J41:$O41) -> 0.025222779 | Q41: =+K41/SUM($J41:$O41) -> 0.035641377 | R41: =+L41/SUM($J41:$O41) -> 0.93865889 | S41: =+N41/SUM($J41:$O41) -> 0.00046476895 | T41: =+P41*C41/1000/60/24.3*2*96485/-1/G41 -> 0.067990019 | U41: =+Q41*C41/1000/60/24.3*2*96485/-1/G41 -> 0.096074184 | W41: =+T41+U41 -> 0.1640642 | X41: =+K41/(K41+L41) -> 0.036581512
A42: Ag60 GDE in PTFE holder | B42: 60 | C42: =+'Flow rate'!E41 -> 61.3 | D42: 0.3 M Na2SO4 | E42: 0.05 M H2SO4 | F42: CCM-CEM | G42: -3 | H42: 45413.346 | I42: =+(H42-H$2)*24 -> 20.683333 | J42: 2.5965027 | K42: 3.6455669 | L42: 96.344476 | N42: 0.04786056 | O42: 0.0013126058 | P42: =+J42/SUM($J42:$O42) -> 0.025298236 | Q42: =+K42/SUM($J42:$O42) -> 0.035519475 | R42: =+L42/SUM($J42:$O42) -> 0.93870318 | S42: =+N42/SUM($J42:$O42) -> 0.00046631485 | T42: =+P42*C42/1000/60/24.3*2*96485/-1/G42 -> 0.068416639 | U42: =+Q42*C42/1000/60/24.3*2*96485/-1/G42 -> 0.096058994 | W42: =+T42+U42 -> 0.16447563 | X42: =+K42/(K42+L42) -> 0.036459299 | Y42: =+SUM(K42:L42) -> 99.990043
A43: Ag60 GDE in PTFE holder | B43: 60 | C43: =+'Flow rate'!E42 -> 61.3 | D43: 0.3 M Na2SO4 | E43: 0.05 M H2SO4 | F43: CCM-CEM | G43: -3 | H43: 45413.363 | I43: =+(H43-H$2)*24 -> 21.1 | J43: 2.6241732 | K43: 3.6125199 | L43: 96.485487 | N43: 0.04922289 | O43: 0.0014791546 | P43: =+J43/SUM($J43:$O43) -> 0.025533712 | Q43: =+K43/SUM($J43:$O43) -> 0.035150517 | R43: =+L43/SUM($J43:$O43) -> 0.93882243 | S43: =+N43/SUM($J43:$O43) -> 0.00047894823 | T43: =+P43*C43/1000/60/24.3*2*96485/-1/G43 -> 0.069053461 | U43: =+Q43*C43/1000/60/24.3*2*96485/-1/G43 -> 0.095061181 | W43: =+T43+U43 -> 0.16411464 | X43: =+K43/(K43+L43) -> 0.036089828
A44: Ag60 GDE in PTFE holder | B44: 60 | C44: =+'Flow rate'!E43 -> 60.9 | D44: 0.3 M Na2SO4 | E44: 0.05 M H2SO4 | F44: CCM-CEM | G44: -3 | H44: 45413.375 | I44: =+(H44-H$2)*24 -> 21.383333 | J44: 2.6300411 | K44: 3.5986348 | L44: 96.497262 | N44: 0.046979737 | O44: 0.0014028889 | P44: =+J44/SUM($J44:$O44) -> 0.02559045 | Q44: =+K44/SUM($J44:$O44) -> 0.035014922 | R44: =+L44/SUM($J44:$O44) -> 0.93892386 | S44: =+N44/SUM($J44:$O44) -> 0.00045711552 | T44: =+P44*C44/1000/60/24.3*2*96485/-1/G44 -> 0.068755309 | U44: =+Q44*C44/1000/60/24.3*2*96485/-1/G44 -> 0.094076569 | W44: =+T44+U44 -> 0.16283188 | X44: =+K44/(K44+L44) -> 0.035951871 | Y44: =+SUM(K44:L44) -> 100.0959
A45: Ag60 GDE in PTFE holder | B45: 60 | C45: =+'Flow rate'!E44 -> 61.2 | D45: 0.3 M Na2SO4 | E45: 0.05 M H2SO4 | F45: CCM-CEM | G45: -3 | H45: 45413.387 | I45: =+(H45-H$2)*24 -> 21.666667 | J45: 2.6523324 | K45: 3.5502996 | L45: 96.44849 | N45: 0.047531709 | O45: 0.0014080626 | P45: =+J45/SUM($J45:$O45) -> 0.025826006 | Q45: =+K45/SUM($J45:$O45) -> 0.034569595 | R45: =+L45/SUM($J45:$O45) -> 0.93912787 | S45: =+N45/SUM($J45:$O45) -> 0.00046282065 | T45: =+P45*C45/1000/60/24.3*2*96485/-1/G45 -> 0.069730004 | U45: =+Q45*C45/1000/60/24.3*2*96485/-1/G45 -> 0.093337623 | W45: =+T45+U45 -> 0.16306763 | X45: =+K45/(K45+L45) -> 0.035503425
A46: Ag60 GDE in PTFE holder | B46: 60 | C46: =+'Flow rate'!E45 -> 61.6 | D46: 0.3 M Na2SO4 | E46: 0.05 M H2SO4 | F46: CCM-CEM | G46: -3 | H46: 45413.399 | I46: =+(H46-H$2)*24 -> 21.95 | J46: 2.6476913 | K46: 3.5604869 | L46: 96.396812 | N46: 0.04653574 | O46: 0.0013930401 | P46: =+J46/SUM($J46:$O46) -> 0.025792655 | Q46: =+K46/SUM($J46:$O46) -> 0.034684712 | R46: =+L46/SUM($J46:$O46) -> 0.93905573 | S46: =+N46/SUM($J46:$O46) -> 0.0004533309 | T46: =+P46*C46/1000/60/24.3*2*96485/-1/G46 -> 0.070095118 | U46: =+Q46*C46/1000/60/24.3*2*96485/-1/G46 -> 0.094260518 | W46: =+T46+U46 -> 0.16435564 | X46: =+K46/(K46+L46) -> 0.03562008 | Y46: =+SUM(K46:L46) -> 99.957299
A47: Ag60 GDE in PTFE holder | B47: 60 | C47: =+'Flow rate'!E46 -> 61.2 | D47: 0.3 M Na2SO4 | E47: 0.05 M H2SO4 | F47: CCM-CEM | G47: -3 | H47: 45413.41 | I47: =+(H47-H$2)*24 -> 22.233333 | J47: 2.6542279 | K47: 3.5610984 | L47: 96.269191 | N47: 0.046464569 | O47: 0.001314777 | P47: =+J47/SUM($J47:$O47) -> 0.02588675 | Q47: =+K47/SUM($J47:$O47) -> 0.03473148 | R47: =+L47/SUM($J47:$O47) -> 0.93891578 | S47: =+N47/SUM($J47:$O47) -> 0.00045317008 | T47: =+P47*C47/1000/60/24.3*2*96485/-1/G47 -> 0.069894012 | U47: =+Q47*C47/1000/60/24.3*2*96485/-1/G47 -> 0.093774711 | W47: =+T47+U47 -> 0.16366872 | X47: =+K47/(K47+L47) -> 0.035671523
A48: Ag60 GDE in PTFE holder | B48: 60 | C48: =+'Flow rate'!E47 -> 61.4 | D48: 0.3 M Na2SO4 | E48: 0.05 M H2SO4 | F48: CCM-CEM | G48: -3 | H48: 45413.422 | I48: =+(H48-H$2)*24 -> 22.516667 | J48: 2.6714913 | K48: 3.5485898 | L48: 96.354928 | N48: 0.04642373 | O48: 0.0015228199 | P48: =+J48/SUM($J48:$O48) -> 0.026032102 | Q48: =+K48/SUM($J48:$O48) -> 0.034578908 | R48: =+L48/SUM($J48:$O48) -> 0.93892178 | S48: =+N48/SUM($J48:$O48) -> 0.00045237178 | T48: =+P48*C48/1000/60/24.3*2*96485/-1/G48 -> 0.070516157 | U48: =+Q48*C48/1000/60/24.3*2*96485/-1/G48 -> 0.093667875 | W48: =+T48+U48 -> 0.16418403 | X48: =+K48/(K48+L48) -> 0.035520168 | Y48: =+SUM(K48:L48) -> 99.903518
A49: Ag60 GDE in PTFE holder | B49: 60 | C49: =+'Flow rate'!E48 -> 61.6 | D49: 0.3 M Na2SO4 | E49: 0.05 M H2SO4 | F49: CCM-CEM | G49: -3 | H49: 45413.434 | I49: =+(H49-H$2)*24 -> 22.8 | J49: 2.6554518 | K49: 3.5644136 | L49: 96.402328 | N49: 0.046684562 | O49: 0.0012695398 | P49: =+J49/SUM($J49:$O49) -> 0.025863914 | Q49: =+K49/SUM($J49:$O49) -> 0.034717137 | R49: =+L49/SUM($J49:$O49) -> 0.93895188 | S49: =+N49/SUM($J49:$O49) -> 0.00045470434 | T49: =+P49*C49/1000/60/24.3*2*96485/-1/G49 -> 0.070288775 | U49: =+Q49*C49/1000/60/24.3*2*96485/-1/G49 -> 0.094348638 | W49: =+T49+U49 -> 0.16463741 | X49: =+K49/(K49+L49) -> 0.035655994
A50: Ag60 GDE in PTFE holder | B50: 60 | C50: =+'Flow rate'!E49 -> 61.8 | D50: 0.3 M Na2SO4 | E50: 0.05 M H2SO4 | F50: CCM-CEM | G50: -3 | H50: 45413.446 | I50: =+(H50-H$2)*24 -> 23.083333 | J50: 2.6656515 | K50: 3.5388086 | L50: 96.410014 | N50: 0.046024521 | O50: 0.0013458352 | P50: =+J50/SUM($J50:$O50) -> 0.025965358 | Q50: =+K50/SUM($J50:$O50) -> 0.034470534 | R50: =+L50/SUM($J50:$O50) -> 0.93910269 | S50: =+N50/SUM($J50:$O50) -> 0.00044831184 | T50: =+P50*C50/1000/60/24.3*2*96485/-1/G50 -> 0.070793569 | U50: =+Q50*C50/1000/60/24.3*2*96485/-1/G50 -> 0.09398261 | W50: =+T50+U50 -> 0.16477618 | X50: =+K50/(K50+L50) -> 0.035406206 | Y50: =+SUM(K50:L50) -> 99.948822
A51: Ag60 GDE in PTFE holder | B51: 60 | C51: =+'Flow rate'!E50 -> 62.1 | D51: 0.3 M Na2SO4 | E51: 0.05 M H2SO4 | F51: CCM-CEM | G51: -3 | H51: 45413.458 | I51: =+(H51-H$2)*24 -> 23.366667 | J51: 2.6872286 | K51: 3.5401507 | L51: 96.17626 | N51: 0.046077882 | O51: 0.12064574 | P51: =+J51/SUM($J51:$O51) -> 0.026198879 | Q51: =+K51/SUM($J51:$O51) -> 0.034514363 | R51: =+L51/SUM($J51:$O51) -> 0.9376613 | S51: =+N51/SUM($J51:$O51) -> 0.00044923193 | T51: =+P51*C51/1000/60/24.3*2*96485/-1/G51 -> 0.071777005 | U51: =+Q51*C51/1000/60/24.3*2*96485/-1/G51 -> 0.094558915 | W51: =+T51+U51 -> 0.16633592 | X51: =+K51/(K51+L51) -> 0.035502188
A52: Ag60 GDE in PTFE holder | B52: 60 | C52: =+'Flow rate'!E51 -> 62.1 | D52: 0.3 M Na2SO4 | E52: 0.05 M H2SO4 | F52: CCM-CEM | G52: -3 | H52: 45413.476 | I52: =+(H52-H$2)*24 -> 23.8 | J52: 2.7152974 | K52: 3.4952458 | L52: 96.349111 | N52: 0.045237045 | O52: 0.11388451 | P52: =+J52/SUM($J52:$O52) -> 0.026434286 | Q52: =+K52/SUM($J52:$O52) -> 0.034027331 | R52: =+L52/SUM($J52:$O52) -> 0.93798928 | S52: =+N52/SUM($J52:$O52) -> 0.00044039705 | T52: =+P52*C52/1000/60/24.3*2*96485/-1/G52 -> 0.072421947 | U52: =+Q52*C52/1000/60/24.3*2*96485/-1/G52 -> 0.093224596 | W52: =+T52+U52 -> 0.16564654 | X52: =+K52/(K52+L52) -> 0.035006944 | Y52: =+SUM(K52:L52) -> 99.844357
A53: Ag60 GDE in PTFE holder | B53: 60 | C53: =+'Flow rate'!E52 -> 61.6 | D53: 0.3 M Na2SO4 | E53: 0.05 M H2SO4 | F53: CCM-CEM | G53: -3 | H53: 45413.488 | I53: =+(H53-H$2)*24 -> 24.083333 | J53: 2.7220929 | K53: 3.5043255 | L53: 96.328504 | N53: 0.04596366 | O53: 0.0017430728 | P53: =+J53/SUM($J53:$O53) -> 0.02653044 | Q53: =+K53/SUM($J53:$O53) -> 0.034154344 | R53: =+L53/SUM($J53:$O53) -> 0.93885025 | S53: =+N53/SUM($J53:$O53) -> 0.00044797741 | T53: =+P53*C53/1000/60/24.3*2*96485/-1/G53 -> 0.072100153 | U53: =+Q53*C53/1000/60/24.3*2*96485/-1/G53 -> 0.09281917 | W53: =+T53+U53 -> 0.16491932 | X53: =+K53/(K53+L53) -> 0.035101935
A54: Ag60 GDE in PTFE holder | B54: 60 | C54: =+'Flow rate'!E53 -> 61.6 | D54: 0.3 M Na2SO4 | E54: 0.05 M H2SO4 | F54: CCM-CEM | G54: -3 | H54: 45413.499 | I54: =+(H54-H$2)*24 -> 24.366667 | J54: 2.7230023 | K54: 3.493428 | L54: 96.326938 | N54: 0.045934048 | O54: 0.0013119825 | P54: =+J54/SUM($J54:$O54) -> 0.026542412 | Q54: =+K54/SUM($J54:$O54) -> 0.034052121 | R54: =+L54/SUM($J54:$O54) -> 0.93894494 | S54: =+N54/SUM($J54:$O54) -> 0.00044774123 | T54: =+P54*C54/1000/60/24.3*2*96485/-1/G54 -> 0.072132688 | U54: =+Q54*C54/1000/60/24.3*2*96485/-1/G54 -> 0.092541364 | W54: =+T54+U54 -> 0.16467405 | X54: =+K54/(K54+L54) -> 0.034997147 | Y54: =+SUM(K54:L54) -> 99.820366
A55: Ag60 GDE in PTFE holder | B55: 60 | C55: =+'Flow rate'!E54 -> 61.1 | D55: 0.3 M Na2SO4 | E55: 0.05 M H2SO4 | F55: CCM-CEM | G55: -3 | H55: 45413.511 | I55: =+(H55-H$2)*24 -> 24.65 | J55: 2.7345539 | K55: 3.4846048 | L55: 96.323252 | N55: 0.045766817 | O55: 0.0013997951 | P55: =+J55/SUM($J55:$O55) -> 0.02665528 | Q55: =+K55/SUM($J55:$O55) -> 0.033966461 | R55: =+L55/SUM($J55:$O55) -> 0.9389185 | S55: =+N55/SUM($J55:$O55) -> 0.00044611566 | T55: =+P55*C55/1000/60/24.3*2*96485/-1/G55 -> 0.07185144 | U55: =+Q55*C55/1000/60/24.3*2*96485/-1/G55 -> 0.091559313 | W55: =+T55+U55 -> 0.16341075 | X55: =+K55/(K55+L55) -> 0.034913132
A56: Ag60 GDE in PTFE holder | B56: 60 | C56: =+'Flow rate'!E55 -> 61.4 | D56: 0.3 M Na2SO4 | E56: 0.05 M H2SO4 | F56: CCM-CEM | G56: -3 | H56: 45413.523 | I56: =+(H56-H$2)*24 -> 24.933333 | J56: 2.73345 | K56: 3.482087 | L56: 96.294724 | N56: 0.044419467 | O56: 0.11283311 | P56: =+J56/SUM($J56:$O56) -> 0.026624294 | Q56: =+K56/SUM($J56:$O56) -> 0.033916152 | R56: =+L56/SUM($J56:$O56) -> 0.93792789 | S56: =+N56/SUM($J56:$O56) -> 0.00043265358 | T56: =+P56*C56/1000/60/24.3*2*96485/-1/G56 -> 0.072120293 | U56: =+Q56*C56/1000/60/24.3*2*96485/-1/G56 -> 0.09187259 | W56: =+T56+U56 -> 0.16399288 | X56: =+K56/(K56+L56) -> 0.03489876 | Y56: =+SUM(K56:L56) -> 99.776811
A57: Ag60 GDE in PTFE holder | B57: 60 | C57: =+'Flow rate'!E56 -> 61.3 | D57: 0.3 M Na2SO4 | E57: 0.05 M H2SO4 | F57: CCM-CEM | G57: -3 | H57: 45413.535 | I57: =+(H57-H$2)*24 -> 25.216667 | J57: 2.7660914 | K57: 3.4457075 | L57: 96.282513 | N57: 0.045557003 | O57: 0.0012843926 | P57: =+J57/SUM($J57:$O57) -> 0.026975427 | Q57: =+K57/SUM($J57:$O57) -> 0.033603167 | R57: =+L57/SUM($J57:$O57) -> 0.9389646 | S57: =+N57/SUM($J57:$O57) -> 0.00044428019 | T57: =+P57*C57/1000/60/24.3*2*96485/-1/G57 -> 0.072952439 | U57: =+Q57*C57/1000/60/24.3*2*96485/-1/G57 -> 0.090876523 | W57: =+T57+U57 -> 0.16382896 | X57: =+K57/(K57+L57) -> 0.034550977
A58: Ag60 GDE in PTFE holder | B58: 60 | C58: =+'Flow rate'!E57 -> 61.3 | D58: 0.3 M Na2SO4 | E58: 0.05 M H2SO4 | F58: CCM-CEM | G58: -3 | H58: 45413.547 | I58: =+(H58-H$2)*24 -> 25.5 | J58: 2.759687 | K58: 3.4297433 | L58: 96.266734 | N58: 0.04615563 | O58: 0.12048017 | P58: =+J58/SUM($J58:$O58) -> 0.026891558 | Q58: =+K58/SUM($J58:$O58) -> 0.03342087 | R58: =+L58/SUM($J58:$O58) -> 0.9380638 | S58: =+N58/SUM($J58:$O58) -> 0.00044976 | T58: =+P58*C58/1000/60/24.3*2*96485/-1/G58 -> 0.072725624 | U58: =+Q58*C58/1000/60/24.3*2*96485/-1/G58 -> 0.090383519 | W58: =+T58+U58 -> 0.16310914 | X58: =+K58/(K58+L58) -> 0.03440185 | Y58: =+SUM(K58:L58) -> 99.696478
A59: Ag60 GDE in PTFE holder | B59: 60 | C59: =+'Flow rate'!E58 -> 61.2 | D59: 0.3 M Na2SO4 | E59: 0.05 M H2SO4 | F59: CCM-CEM | G59: -3 | H59: 45413.558 | I59: =+(H59-H$2)*24 -> 25.783333 | J59: 2.7704318 | K59: 3.4140861 | L59: 96.233096 | N59: 0.0446361 | O59: 0.11645197 | P59: =+J59/SUM($J59:$O59) -> 0.027007865 | Q59: =+K59/SUM($J59:$O59) -> 0.033282602 | R59: =+L59/SUM($J59:$O59) -> 0.93813915 | S59: =+N59/SUM($J59:$O59) -> 0.00043514003 | T59: =+P59*C59/1000/60/24.3*2*96485/-1/G59 -> 0.072921014 | U59: =+Q59*C59/1000/60/24.3*2*96485/-1/G59 -> 0.089862752 | W59: =+T59+U59 -> 0.16278377 | X59: =+K59/(K59+L59) -> 0.034261743
A60: Ag60 GDE in PTFE holder | B60: 60 | C60: =+'Flow rate'!E59 -> 61.1 | D60: 0.3 M Na2SO4 | E60: 0.05 M H2SO4 | F60: CCM-CEM | G60: -3 | H60: 45413.57 | I60: =+(H60-H$2)*24 -> 26.066667 | J60: 2.7695469 | K60: 3.4032553 | L60: 96.203373 | N60: 0.044327985 | O60: 0.11558232 | P60: =+J60/SUM($J60:$O60) -> 0.027010461 | Q60: =+K60/SUM($J60:$O60) -> 0.033190806 | R60: =+L60/SUM($J60:$O60) -> 0.93823918 | S60: =+N60/SUM($J60:$O60) -> 0.00043231595 | T60: =+P60*C60/1000/60/24.3*2*96485/-1/G60 -> 0.072808858 | U60: =+Q60*C60/1000/60/24.3*2*96485/-1/G60 -> 0.089468472 | W60: =+T60+U60 -> 0.16227733 | X60: =+K60/(K60+L60) -> 0.034166956 | Y60: =+SUM(K60:L60) -> 99.606629
A61: Ag60 GDE in PTFE holder | B61: 60 | C61: =+'Flow rate'!E60 -> 61.2 | D61: 0.3 M Na2SO4 | E61: 0.05 M H2SO4 | F61: CCM-CEM | G61: -3 | H61: 45413.588 | I61: =+(H61-H$2)*24 -> 26.483333 | J61: 2.7818163 | K61: 3.3683353 | L61: 96.229844 | N61: 0.045575063 | O61: 0.12188153 | P61: =+J61/SUM($J61:$O61) -> 0.027127113 | Q61: =+K61/SUM($J61:$O61) -> 0.032846601 | R61: =+L61/SUM($J61:$O61) -> 0.93839332 | S61: =+N61/SUM($J61:$O61) -> 0.00044442902 | T61: =+P61*C61/1000/60/24.3*2*96485/-1/G61 -> 0.073242982 | U61: =+Q61*C61/1000/60/24.3*2*96485/-1/G61 -> 0.088685553 | W61: =+T61+U61 -> 0.16192854 | X61: =+K61/(K61+L61) -> 0.033819245
A62: Ag60 GDE in PTFE holder | B62: 60 | C62: =+'Flow rate'!E61 -> 61.2 | D62: 0.3 M Na2SO4 | E62: 0.05 M H2SO4 | F62: CCM-CEM | G62: -3 | H62: 45413.599 | I62: =+(H62-H$2)*24 -> 26.766667 | J62: 2.8163199 | K62: 3.3263051 | L62: 96.191034 | N62: 0.045758774 | O62: 0.0013616953 | P62: =+J62/SUM($J62:$O62) -> 0.027508288 | Q62: =+K62/SUM($J62:$O62) -> 0.032489546 | R62: =+L62/SUM($J62:$O62) -> 0.93954192 | S62: =+N62/SUM($J62:$O62) -> 0.00044694692 | T62: =+P62*C62/1000/60/24.3*2*96485/-1/G62 -> 0.074272151 | U62: =+Q62*C62/1000/60/24.3*2*96485/-1/G62 -> 0.087721507 | W62: =+T62+U62 -> 0.16199366 | X62: =+K62/(K62+L62) -> 0.033424377 | Y62: =+SUM(K62:L62) -> 99.517339
A63: Ag60 GDE in PTFE holder | B63: 60 | C63: =+'Flow rate'!E62 -> 61.3 | D63: 0.3 M Na2SO4 | E63: 0.05 M H2SO4 | F63: CCM-CEM | G63: -3 | H63: 45413.611 | I63: =+(H63-H$2)*24 -> 27.05 | J63: 2.8256232 | K63: 3.3190057 | L63: 96.229291 | N63: 0.044647286 | O63: 0.1164995 | P63: =+J63/SUM($J63:$O63) -> 0.027557628 | Q63: =+K63/SUM($J63:$O63) -> 0.032369469 | R63: =+L63/SUM($J63:$O63) -> 0.93850128 | S63: =+N63/SUM($J63:$O63) -> 0.00043543431 | T63: =+P63*C63/1000/60/24.3*2*96485/-1/G63 -> 0.074526946 | U63: =+Q63*C63/1000/60/24.3*2*96485/-1/G63 -> 0.087540106 | W63: =+T63+U63 -> 0.16206705 | X63: =+K63/(K63+L63) -> 0.033340658
A64: Ag60 GDE in PTFE holder | B64: 60 | C64: =+'Flow rate'!E63 -> 61.3 | D64: 0.3 M Na2SO4 | E64: 0.05 M H2SO4 | F64: CCM-CEM | G64: -3 | H64: 45413.623 | I64: =+(H64-H$2)*24 -> 27.333333 | J64: 2.8262616 | K64: 3.3118545 | L64: 96.18005 | N64: 0.046380635 | O64: 0.0012496562 | P64: =+J64/SUM($J64:$O64) -> 0.027609433 | Q64: =+K64/SUM($J64:$O64) -> 0.032353136 | R64: =+L64/SUM($J64:$O64) -> 0.93957214 | S64: =+N64/SUM($J64:$O64) -> 0.00045308723 | T64: =+P64*C64/1000/60/24.3*2*96485/-1/G64 -> 0.074667047 | U64: =+Q64*C64/1000/60/24.3*2*96485/-1/G64 -> 0.087495935 | W64: =+T64+U64 -> 0.16216298 | X64: =+K64/(K64+L64) -> 0.033287679 | Y64: =+SUM(K64:L64) -> 99.491905
A65: Ag60 GDE in PTFE holder | B65: 60 | C65: =+'Flow rate'!E64 -> 61.4 | D65: 0.3 M Na2SO4 | E65: 0.05 M H2SO4 | F65: CCM-CEM | G65: -3 | H65: 45413.635 | I65: =+(H65-H$2)*24 -> 27.616667 | J65: 2.8410424 | K65: 3.3050643 | L65: 96.169835 | N65: 0.045602017 | O65: 0.0015335138 | P65: =+J65/SUM($J65:$O65) -> 0.027754562 | Q65: =+K65/SUM($J65:$O65) -> 0.032287661 | R65: =+L65/SUM($J65:$O65) -> 0.9394973 | S65: =+N65/SUM($J65:$O65) -> 0.00044549283 | T65: =+P65*C65/1000/60/24.3*2*96485/-1/G65 -> 0.075181982 | U65: =+Q65*C65/1000/60/24.3*2*96485/-1/G65 -> 0.087461308 | W65: =+T65+U65 -> 0.16264329 | X65: =+K65/(K65+L65) -> 0.033225108
A66: Ag60 GDE in PTFE holder | B66: 60 | C66: =+'Flow rate'!E65 -> 61.6 | D66: 0.3 M Na2SO4 | E66: 0.05 M H2SO4 | F66: CCM-CEM | G66: -3 | H66: 45413.647 | I66: =+(H66-H$2)*24 -> 27.9 | J66: 2.8411639 | K66: 3.3039851 | L66: 96.194079 | N66: 0.045530965 | O66: 0.001385221 | P66: =+J66/SUM($J66:$O66) -> 0.027749496 | Q66: =+K66/SUM($J66:$O66) -> 0.032269846 | R66: =+L66/SUM($J66:$O66) -> 0.93952243 | S66: =+N66/SUM($J66:$O66) -> 0.0004446985 | T66: =+P66*C66/1000/60/24.3*2*96485/-1/G66 -> 0.075413105 | U66: =+Q66*C66/1000/60/24.3*2*96485/-1/G66 -> 0.087697783 | W66: =+T66+U66 -> 0.16311089 | X66: =+K66/(K66+L66) -> 0.033206526 | Y66: =+SUM(K66:L66) -> 99.498064
A67: Ag60 GDE in PTFE holder | B67: 60 | C67: =+'Flow rate'!E66 -> 61.3 | D67: 0.3 M Na2SO4 | E67: 0.05 M H2SO4 | F67: CCM-CEM | G67: -3 | H67: 45413.658 | I67: =+(H67-H$2)*24 -> 28.183333 | J67: 2.8257967 | K67: 3.314995 | L67: 96.190002 | N67: 0.04579307 | O67: 0.0011219308 | P67: =+J67/SUM($J67:$O67) -> 0.02760168 | Q67: =+K67/SUM($J67:$O67) -> 0.032380047 | R67: =+L67/SUM($J67:$O67) -> 0.93956002 | S67: =+N67/SUM($J67:$O67) -> 0.00044729532 | T67: =+P67*C67/1000/60/24.3*2*96485/-1/G67 -> 0.07464608 | U67: =+Q67*C67/1000/60/24.3*2*96485/-1/G67 -> 0.087568713 | W67: =+T67+U67 -> 0.16221479 | X67: =+K67/(K67+L67) -> 0.03331486
A68: Ag60 GDE in PTFE holder | B68: 60 | C68: =+'Flow rate'!E67 -> 61.5 | D68: 0.3 M Na2SO4 | E68: 0.05 M H2SO4 | F68: CCM-CEM | G68: -3 | H68: 45413.67 | I68: =+(H68-H$2)*24 -> 28.466667 | J68: 2.8474793 | K68: 3.2645412 | L68: 96.195718 | N68: 0.045467762 | O68: 0.001582014 | P68: =+J68/SUM($J68:$O68) -> 0.027819698 | Q68: =+K68/SUM($J68:$O68) -> 0.031894367 | R68: =+L68/SUM($J68:$O68) -> 0.93982626 | S68: =+N68/SUM($J68:$O68) -> 0.00044421724 | T68: =+P68*C68/1000/60/24.3*2*96485/-1/G68 -> 0.075481157 | U68: =+Q68*C68/1000/60/24.3*2*96485/-1/G68 -> 0.086536659 | W68: =+T68+U68 -> 0.16201782 | X68: =+K68/(K68+L68) -> 0.032822569 | Y68: =+SUM(K68:L68) -> 99.460259
A69: Ag60 GDE in PTFE holder | B69: 60 | C69: =+'Flow rate'!E68 -> 61.3 | D69: 0.3 M Na2SO4 | E69: 0.05 M H2SO4 | F69: CCM-CEM | G69: -3 | H69: 45413.682 | I69: =+(H69-H$2)*24 -> 28.75 | J69: 2.8440368 | K69: 3.2969851 | L69: 96.163647 | N69: 0.045486753 | O69: 0.0015070199 | P69: =+J69/SUM($J69:$O69) -> 0.027786913 | Q69: =+K69/SUM($J69:$O69) -> 0.032212326 | R69: =+L69/SUM($J69:$O69) -> 0.93954162 | S69: =+N69/SUM($J69:$O69) -> 0.00044441635 | T69: =+P69*C69/1000/60/24.3*2*96485/-1/G69 -> 0.075147025 | U69: =+Q69*C69/1000/60/24.3*2*96485/-1/G69 -> 0.087115127 | W69: =+T69+U69 -> 0.16226215 | X69: =+K69/(K69+L69) -> 0.033148644
A70: Ag60 GDE in PTFE holder | B70: 60 | C70: =+'Flow rate'!E69 -> 61 | D70: 0.3 M Na2SO4 | E70: 0.05 M H2SO4 | F70: CCM-CEM | G70: -3 | H70: 45413.7 | I70: =+(H70-H$2)*24 -> 29.183333 | J70: 2.8655263 | K70: 3.2758846 | L70: 96.1521 | N70: 0.047483404 | O70: 0.0015214252 | P70: =+J70/SUM($J70:$O70) -> 0.027999373 | Q70: =+K70/SUM($J70:$O70) -> 0.032009029 | R70: =+L70/SUM($J70:$O70) -> 0.93951277 | S70: =+N70/SUM($J70:$O70) -> 0.00046396557 | T70: =+P70*C70/1000/60/24.3*2*96485/-1/G70 -> 0.075351025 | U70: =+Q70*C70/1000/60/24.3*2*96485/-1/G70 -> 0.086141683 | W70: =+T70+U70 -> 0.16149271 | X70: =+K70/(K70+L70) -> 0.032947309 | Y70: =+SUM(K70:L70) -> 99.427985
A71: Ag60 GDE in PTFE holder | B71: 60 | C71: =+'Flow rate'!E70 -> 61.2 | D71: 0.3 M Na2SO4 | E71: 0.05 M H2SO4 | F71: CCM-CEM | G71: -3 | H71: 45413.706 | I71: =+(H71-H$2)*24 -> 29.316667 | J71: 2.8846512 | K71: 3.260156 | L71: 96.2024 | N71: 0.030219683 | O71: 0.0012809103 | P71: =+J71/SUM($J71:$O71) -> 0.028176281 | Q71: =+K71/SUM($J71:$O71) -> 0.031844083 | R71: =+L71/SUM($J71:$O71) -> 0.93967195 | S71: =+N71/SUM($J71:$O71) -> 0.00029517547 | T71: =+P71*C71/1000/60/24.3*2*96485/-1/G71 -> 0.076075726 | U71: =+Q71*C71/1000/60/24.3*2*96485/-1/G71 -> 0.085978761 | W71: =+T71+U71 -> 0.16205449 | X71: =+K71/(K71+L71) -> 0.032777722
A72: Ag60 GDE in PTFE holder | B72: 60 | C72: =+'Flow rate'!E71 -> 61.5 | D72: 0.3 M Na2SO4 | E72: 0.05 M H2SO4 | F72: CCM-CEM | G72: -3 | H72: 45413.717 | I72: =+(H72-H$2)*24 -> 29.6 | J72: 2.8838076 | K72: 3.2556337 | L72: 96.18228 | N72: 0.04528206 | O72: 0.001280937 | P72: =+J72/SUM($J72:$O72) -> 0.028170908 | Q72: =+K72/SUM($J72:$O72) -> 0.031803148 | R72: =+L72/SUM($J72:$O72) -> 0.93957109 | S72: =+N72/SUM($J72:$O72) -> 0.00044234462 | T72: =+P72*C72/1000/60/24.3*2*96485/-1/G72 -> 0.07643407 | U72: =+Q72*C72/1000/60/24.3*2*96485/-1/G72 -> 0.086289161 | W72: =+T72+U72 -> 0.16272323 | X72: =+K72/(K72+L72) -> 0.032740366 | Y72: =+SUM(K72:L72) -> 99.437914
A73: Ag60 GDE in PTFE holder | B73: 60 | C73: =+'Flow rate'!E72 -> 61.6 | D73: 0.3 M Na2SO4 | E73: 0.05 M H2SO4 | F73: CCM-CEM | G73: -3 | H73: 45413.729 | I73: =+(H73-H$2)*24 -> 29.883333 | J73: 2.8916845 | K73: 3.2377453 | L73: 96.158187 | N73: 0.043946995 | O73: 0.11623464 | P73: =+J73/SUM($J73:$O73) -> 0.028225931 | Q73: =+K73/SUM($J73:$O73) -> 0.031603855 | R73: =+L73/SUM($J73:$O73) -> 0.93860667 | S73: =+N73/SUM($J73:$O73) -> 0.00042896964 | T73: =+P73*C73/1000/60/24.3*2*96485/-1/G73 -> 0.076707885 | U73: =+Q73*C73/1000/60/24.3*2*96485/-1/G73 -> 0.085887861 | W73: =+T73+U73 -> 0.16259575 | X73: =+K73/(K73+L73) -> 0.032574224
A74: Ag60 GDE in PTFE holder | B74: 60 | C74: =+'Flow rate'!E73 -> 61.7 | D74: 0.3 M Na2SO4 | E74: 0.05 M H2SO4 | F74: CCM-CEM | G74: -3 | H74: 45413.741 | I74: =+(H74-H$2)*24 -> 30.166667 | J74: 2.9117167 | K74: 3.2009272 | L74: 96.133017 | N74: 0.04403449 | O74: 0.1161871 | P74: =+J74/SUM($J74:$O74) -> 0.0284331 | Q74: =+K74/SUM($J74:$O74) -> 0.031257259 | R74: =+L74/SUM($J74:$O74) -> 0.93874507 | S74: =+N74/SUM($J74:$O74) -> 0.00042999961 | T74: =+P74*C74/1000/60/24.3*2*96485/-1/G74 -> 0.077396334 | U74: =+Q74*C74/1000/60/24.3*2*96485/-1/G74 -> 0.085083838 | W74: =+T74+U74 -> 0.16248017 | X74: =+K74/(K74+L74) -> 0.032223901 | Y74: =+SUM(K74:L74) -> 99.333944
A75: Ag60 GDE in PTFE holder | B75: 60 | C75: =+'Flow rate'!E74 -> 61.4 | D75: 0.3 M Na2SO4 | E75: 0.05 M H2SO4 | F75: CCM-CEM | G75: -3 | H75: 45413.753 | I75: =+(H75-H$2)*24 -> 30.45 | J75: 2.9156725 | K75: 3.1783692 | L75: 95.787383 | N75: 0.045529962 | O75: 0.0014845211 | P75: =+J75/SUM($J75:$O75) -> 0.028605093 | Q75: =+K75/SUM($J75:$O75) -> 0.031182359 | R75: =+L75/SUM($J75:$O75) -> 0.9397513 | S75: =+N75/SUM($J75:$O75) -> 0.00044668556 | T75: =+P75*C75/1000/60/24.3*2*96485/-1/G75 -> 0.077485913 | U75: =+Q75*C75/1000/60/24.3*2*96485/-1/G75 -> 0.084467251 | W75: =+T75+U75 -> 0.16195316 | X75: =+K75/(K75+L75) -> 0.03211585
A76: Ag60 GDE in PTFE holder | B76: 60 | C76: =+'Flow rate'!E75 -> 61.6 | D76: 0.3 M Na2SO4 | E76: 0.05 M H2SO4 | F76: CCM-CEM | G76: -3 | H76: 45413.765 | I76: =+(H76-H$2)*24 -> 30.733333 | J76: 2.9186661 | K76: 3.1756172 | L76: 95.763759 | N76: 0.045227771 | O76: 0.0015975762 | P76: =+J76/SUM($J76:$O76) -> 0.028641086 | Q76: =+K76/SUM($J76:$O76) -> 0.031162567 | R76: =+L76/SUM($J76:$O76) -> 0.93973685 | S76: =+N76/SUM($J76:$O76) -> 0.00044382346 | T76: =+P76*C76/1000/60/24.3*2*96485/-1/G76 -> 0.077836127 | U76: =+Q76*C76/1000/60/24.3*2*96485/-1/G76 -> 0.0846886 | W76: =+T76+U76 -> 0.16252473 | X76: =+K76/(K76+L76) -> 0.032096596 | Y76: =+SUM(K76:L76) -> 98.939376
A77: Ag60 GDE in PTFE holder | B77: 60 | C77: =+'Flow rate'!E76 -> 61.8 | D77: 0.3 M Na2SO4 | E77: 0.05 M H2SO4 | F77: CCM-CEM | G77: -3 | H77: 45413.776 | I77: =+(H77-H$2)*24 -> 31.016667 | J77: 2.931263 | K77: 3.1630406 | L77: 95.718735 | N77: 0.046226094 | O77: 0.0013760414 | P77: =+J77/SUM($J77:$O77) -> 0.02877719 | Q77: =+K77/SUM($J77:$O77) -> 0.031052628 | R77: =+L77/SUM($J77:$O77) -> 0.93970286 | S77: =+N77/SUM($J77:$O77) -> 0.00045381704 | T77: =+P77*C77/1000/60/24.3*2*96485/-1/G77 -> 0.078459923 | U77: =+Q77*C77/1000/60/24.3*2*96485/-1/G77 -> 0.084663819 | W77: =+T77+U77 -> 0.16312374 | X77: =+K77/(K77+L77) -> 0.031988105
A78: Ag60 GDE in PTFE holder | B78: 60 | C78: =+'Flow rate'!E77 -> 61.7 | D78: 0.3 M Na2SO4 | E78: 0.05 M H2SO4 | F78: CCM-CEM | G78: -3 | H78: 45413.788 | I78: =+(H78-H$2)*24 -> 31.3 | J78: 2.9490794 | K78: 3.1450393 | L78: 95.616975 | N78: 0.04596494 | O78: 0.0014252192 | P78: =+J78/SUM($J78:$O78) -> 0.028981165 | Q78: =+K78/SUM($J78:$O78) -> 0.0309069 | R78: =+L78/SUM($J78:$O78) -> 0.93964622 | S78: =+N78/SUM($J78:$O78) -> 0.00045170622 | T78: =+P78*C78/1000/60/24.3*2*96485/-1/G78 -> 0.078888195 | U78: =+Q78*C78/1000/60/24.3*2*96485/-1/G78 -> 0.084130143 | W78: =+T78+U78 -> 0.16301834 | X78: =+K78/(K78+L78) -> 0.031844625 | Y78: =+SUM(K78:L78) -> 98.762015
A79: Ag60 GDE in PTFE holder | B79: 60 | C79: =+'Flow rate'!E78 -> 61.6 | D79: 0.3 M Na2SO4 | E79: 0.05 M H2SO4 | F79: CCM-CEM | G79: -3 | H79: 45413.8 | I79: =+(H79-H$2)*24 -> 31.583333 | J79: 2.9756489 | K79: 3.117692 | L79: 95.674394 | N79: 0.044073475 | O79: 0.11562389 | P79: =+J79/SUM($J79:$O79) -> 0.029193799 | Q79: =+K79/SUM($J79:$O79) -> 0.030587369 | R79: =+L79/SUM($J79:$O79) -> 0.93865206 | S79: =+N79/SUM($J79:$O79) -> 0.00043240052 | T79: =+P79*C79/1000/60/24.3*2*96485/-1/G79 -> 0.0793382 | U79: =+Q79*C79/1000/60/24.3*2*96485/-1/G79 -> 0.083125421 | W79: =+T79+U79 -> 0.16246362 | X79: =+K79/(K79+L79) -> 0.031558115
A80: Ag60 GDE in PTFE holder | B80: 60 | C80: =+'Flow rate'!E79 -> 62 | D80: 0.3 M Na2SO4 | E80: 0.05 M H2SO4 | F80: CCM-CEM | G80: -3 | H80: 45413.818 | I80: =+(H80-H$2)*24 -> 32.016667 | J80: 2.9645926 | K80: 3.1074031 | L80: 95.560839 | N80: 0.045408965 | O80: 0.0013505085 | P80: =+J80/SUM($J80:$O80) -> 0.02915622 | Q80: =+K80/SUM($J80:$O80) -> 0.030560735 | R80: =+L80/SUM($J80:$O80) -> 0.93982317 | S80: =+N80/SUM($J80:$O80) -> 0.00044658878 | T80: =+P80*C80/1000/60/24.3*2*96485/-1/G80 -> 0.079750593 | U80: =+Q80*C80/1000/60/24.3*2*96485/-1/G80 -> 0.083592344 | W80: =+T80+U80 -> 0.16334294 | X80: =+K80/(K80+L80) -> 0.031493448 | Y80: =+SUM(K80:L80) -> 98.668242
A81: Ag60 GDE in PTFE holder | B81: 60 | C81: =+'Flow rate'!E80 -> 61.7 | D81: 0.3 M Na2SO4 | E81: 0.05 M H2SO4 | F81: CCM-CEM | G81: -3 | H81: 45413.83 | I81: =+(H81-H$2)*24 -> 32.3 | J81: 2.9871333 | K81: 3.0855878 | L81: 95.596659 | N81: 0.045535905 | O81: 0.0012428832 | P81: =+J81/SUM($J81:$O81) -> 0.029367343 | Q81: =+K81/SUM($J81:$O81) -> 0.030335276 | R81: =+L81/SUM($J81:$O81) -> 0.93983749 | S81: =+N81/SUM($J81:$O81) -> 0.00044767621 | T81: =+P81*C81/1000/60/24.3*2*96485/-1/G81 -> 0.07993939 | U81: =+Q81*C81/1000/60/24.3*2*96485/-1/G81 -> 0.082574154 | W81: =+T81+U81 -> 0.16251354 | X81: =+K81/(K81+L81) -> 0.031267912
A82: Ag60 GDE in PTFE holder | B82: 60 | C82: =+'Flow rate'!E81 -> 61.8 | D82: 0.3 M Na2SO4 | E82: 0.05 M H2SO4 | F82: CCM-CEM | G82: -3 | H82: 45413.842 | I82: =+(H82-H$2)*24 -> 32.583333 | J82: 2.9852486 | K82: 3.0974913 | L82: 95.617308 | N82: 0.045669833 | O82: 0.0012409801 | P82: =+J82/SUM($J82:$O82) -> 0.02933993 | Q82: =+K82/SUM($J82:$O82) -> 0.030443085 | R82: =+L82/SUM($J82:$O82) -> 0.93975593 | S82: =+N82/SUM($J82:$O82) -> 0.00044885698 | T82: =+P82*C82/1000/60/24.3*2*96485/-1/G82 -> 0.079994212 | U82: =+Q82*C82/1000/60/24.3*2*96485/-1/G82 -> 0.083001922 | W82: =+T82+U82 -> 0.16299613 | X82: =+K82/(K82+L82) -> 0.031378186 | Y82: =+SUM(K82:L82) -> 98.714799
A83: Ag60 GDE in PTFE holder | B83: 60 | C83: =+'Flow rate'!E82 -> 61.9 | D83: 0.3 M Na2SO4 | E83: 0.05 M H2SO4 | F83: CCM-CEM | G83: -3 | H83: 45413.853 | I83: =+(H83-H$2)*24 -> 32.866667 | J83: 3.0068929 | K83: 3.093549 | L83: 95.699635 | N83: 0.044273384 | O83: 0.1137194 | P83: =+J83/SUM($J83:$O83) -> 0.029491465 | Q83: =+K83/SUM($J83:$O83) -> 0.030341384 | R83: =+L83/SUM($J83:$O83) -> 0.93861756 | S83: =+N83/SUM($J83:$O83) -> 0.00043423129 | T83: =+P83*C83/1000/60/24.3*2*96485/-1/G83 -> 0.080537477 | U83: =+Q83*C83/1000/60/24.3*2*96485/-1/G83 -> 0.082858498 | W83: =+T83+U83 -> 0.16339598 | X83: =+K83/(K83+L83) -> 0.031313385
A84: Ag60 GDE in PTFE holder | B84: 60 | C84: =+'Flow rate'!E83 -> 61.2 | D84: 0.3 M Na2SO4 | E84: 0.05 M H2SO4 | F84: CCM-CEM | G84: -3 | H84: 45413.865 | I84: =+(H84-H$2)*24 -> 33.15 | J84: 3.0152969 | K84: 3.0843956 | L84: 95.706815 | N84: 0.045718126 | O84: 0.0012807869 | P84: =+J84/SUM($J84:$O84) -> 0.029604252 | Q84: =+K84/SUM($J84:$O84) -> 0.030282665 | R84: =+L84/SUM($J84:$O84) -> 0.93965165 | S84: =+N84/SUM($J84:$O84) -> 0.00044886158 | T84: =+P84*C84/1000/60/24.3*2*96485/-1/G84 -> 0.079931236 | U84: =+Q84*C84/1000/60/24.3*2*96485/-1/G84 -> 0.081762945 | W84: =+T84+U84 -> 0.16169418 | X84: =+K84/(K84+L84) -> 0.031221356 | Y84: =+SUM(K84:L84) -> 98.791211
A85: Ag60 GDE in PTFE holder | B85: 60 | C85: =+'Flow rate'!E84 -> 61.6 | D85: 0.3 M Na2SO4 | E85: 0.05 M H2SO4 | F85: CCM-CEM | G85: -3 | H85: 45413.877 | I85: =+(H85-H$2)*24 -> 33.433333 | J85: 3.0213954 | K85: 3.0683419 | L85: 95.692806 | N85: 0.045633478 | O85: 0.0014082178 | P85: =+J85/SUM($J85:$O85) -> 0.029671096 | Q85: =+K85/SUM($J85:$O85) -> 0.030132126 | R85: =+L85/SUM($J85:$O85) -> 0.93973481 | S85: =+N85/SUM($J85:$O85) -> 0.00044813575 | T85: =+P85*C85/1000/60/24.3*2*96485/-1/G85 -> 0.080635322 | U85: =+Q85*C85/1000/60/24.3*2*96485/-1/G85 -> 0.081888233 | W85: =+T85+U85 -> 0.16252355 | X85: =+K85/(K85+L85) -> 0.031068309
A86: Ag60 GDE in PTFE holder | B86: 60 | C86: =+'Flow rate'!E85 -> 61.6 | D86: 0.3 M Na2SO4 | E86: 0.05 M H2SO4 | F86: CCM-CEM | G86: -3 | H86: 45413.889 | I86: =+(H86-H$2)*24 -> 33.716667 | J86: 3.0414391 | K86: 3.0554033 | L86: 95.671575 | N86: 0.044068159 | O86: 0.11616017 | P86: =+J86/SUM($J86:$O86) -> 0.029838905 | Q86: =+K86/SUM($J86:$O86) -> 0.029975904 | R86: =+L86/SUM($J86:$O86) -> 0.93861323 | S86: =+N86/SUM($J86:$O86) -> 0.00043234322 | T86: =+P86*C86/1000/60/24.3*2*96485/-1/G86 -> 0.081091364 | U86: =+Q86*C86/1000/60/24.3*2*96485/-1/G86 -> 0.08146368 | W86: =+T86+U86 -> 0.16255504 | X86: =+K86/(K86+L86) -> 0.030948008 | Y86: =+SUM(K86:L86) -> 98.726979
A87: Ag60 GDE in PTFE holder | B87: 60 | C87: =+'Flow rate'!E86 -> 61.3 | D87: 0.3 M Na2SO4 | E87: 0.05 M H2SO4 | F87: CCM-CEM | G87: -3 | H87: 45413.901 | I87: =+(H87-H$2)*24 -> 34 | J87: 3.033046 | K87: 3.0466781 | L87: 95.640317 | N87: 0.045597382 | O87: 0.001140418 | P87: =+J87/SUM($J87:$O87) -> 0.029803891 | Q87: =+K87/SUM($J87:$O87) -> 0.029937846 | R87: =+L87/SUM($J87:$O87) -> 0.939799 | S87: =+N87/SUM($J87:$O87) -> 0.00044805763 | T87: =+P87*C87/1000/60/24.3*2*96485/-1/G87 -> 0.080601748 | U87: =+Q87*C87/1000/60/24.3*2*96485/-1/G87 -> 0.080964015 | W87: =+T87+U87 -> 0.16156576 | X87: =+K87/(K87+L87) -> 0.030872134
A88: Ag60 GDE in PTFE holder | B88: 60 | C88: =+'Flow rate'!E87 -> 61.3 | D88: 0.3 M Na2SO4 | E88: 0.05 M H2SO4 | F88: CCM-CEM | G88: -3 | H88: 45413.912 | I88: =+(H88-H$2)*24 -> 34.283333 | J88: 3.0487088 | K88: 3.0298909 | L88: 95.498143 | N88: 0.046164949 | O88: 0.0013982996 | P88: =+J88/SUM($J88:$O88) -> 0.0299998 | Q88: =+K88/SUM($J88:$O88) -> 0.029814628 | R88: =+L88/SUM($J88:$O88) -> 0.93971754 | S88: =+N88/SUM($J88:$O88) -> 0.00045427074 | T88: =+P88*C88/1000/60/24.3*2*96485/-1/G88 -> 0.081131564 | U88: =+Q88*C88/1000/60/24.3*2*96485/-1/G88 -> 0.080630785 | W88: =+T88+U88 -> 0.16176235 | X88: =+K88/(K88+L88) -> 0.030751561 | Y88: =+SUM(K88:L88) -> 98.528034
A89: Ag60 GDE in PTFE holder | B89: 60 | C89: =+'Flow rate'!E88 -> 61.7 | D89: 0.3 M Na2SO4 | E89: 0.05 M H2SO4 | F89: CCM-CEM | G89: -3 | H89: 45413.931 | I89: =+(H89-H$2)*24 -> 34.716667 | J89: 3.0506564 | K89: 3.016895 | L89: 95.607998 | N89: 0.045677993 | O89: 0.0013185333 | P89: =+J89/SUM($J89:$O89) -> 0.029989973 | Q89: =+K89/SUM($J89:$O89) -> 0.029658076 | R89: =+L89/SUM($J89:$O89) -> 0.93988994 | S89: =+N89/SUM($J89:$O89) -> 0.00044904492 | T89: =+P89*C89/1000/60/24.3*2*96485/-1/G89 -> 0.081634221 | U89: =+Q89*C89/1000/60/24.3*2*96485/-1/G89 -> 0.080730781 | W89: =+T89+U89 -> 0.162365 | X89: =+K89/(K89+L89) -> 0.030589589
A90: Ag60 GDE in PTFE holder | B90: 60 | C90: =+'Flow rate'!E89 -> 61.6 | D90: 0.3 M Na2SO4 | E90: 0.05 M H2SO4 | F90: CCM-CEM | G90: -3 | H90: 45413.942 | I90: =+(H90-H$2)*24 -> 35 | J90: 3.0731913 | K90: 2.9882261 | L90: 95.526676 | N90: 0.045376153 | O90: 0.0014409344 | P90: =+J90/SUM($J90:$O90) -> 0.030237556 | Q90: =+K90/SUM($J90:$O90) -> 0.029401571 | R90: =+L90/SUM($J90:$O90) -> 0.93990023 | S90: =+N90/SUM($J90:$O90) -> 0.00044646228 | T90: =+P90*C90/1000/60/24.3*2*96485/-1/G90 -> 0.082174755 | U90: =+Q90*C90/1000/60/24.3*2*96485/-1/G90 -> 0.07990285 | W90: =+T90+U90 -> 0.1620776 | X90: =+K90/(K90+L90) -> 0.030332732 | Y90: =+SUM(K90:L90) -> 98.514902
A91: Ag60 GDE in PTFE holder | B91: 60 | C91: =+'Flow rate'!E90 -> 61.7 | D91: 0.3 M Na2SO4 | E91: 0.05 M H2SO4 | F91: CCM-CEM | G91: -3 | H91: 45413.954 | I91: =+(H91-H$2)*24 -> 35.283333 | J91: 3.0464815 | K91: 3.0168884 | L91: 95.599431 | N91: 0.045284226 | O91: 0.11901757 | P91: =+J91/SUM($J91:$O91) -> 0.029918179 | Q91: =+K91/SUM($J91:$O91) -> 0.029627558 | R91: =+L91/SUM($J91:$O91) -> 0.93884073 | S91: =+N91/SUM($J91:$O91) -> 0.00044471683 | T91: =+P91*C91/1000/60/24.3*2*96485/-1/G91 -> 0.081438796 | U91: =+Q91*C91/1000/60/24.3*2*96485/-1/G91 -> 0.08064771 | W91: =+T91+U91 -> 0.16208651 | X91: =+K91/(K91+L91) -> 0.030592182
A92: Ag60 GDE in PTFE holder | B92: 60 | C92: =+'Flow rate'!E91 -> 61.7 | D92: 0.3 M Na2SO4 | E92: 0.05 M H2SO4 | F92: CCM-CEM | G92: -3 | H92: 45413.966 | I92: =+(H92-H$2)*24 -> 35.566667 | J92: 3.0443034 | K92: 3.0126933 | L92: 95.586561 | N92: 0.045102944 | O92: 0.0012248796 | P92: =+J92/SUM($J92:$O92) -> 0.02993713 | Q92: =+K92/SUM($J92:$O92) -> 0.029626283 | R92: =+L92/SUM($J92:$O92) -> 0.93998101 | S92: =+N92/SUM($J92:$O92) -> 0.00044353423 | T92: =+P92*C92/1000/60/24.3*2*96485/-1/G92 -> 0.081490382 | U92: =+Q92*C92/1000/60/24.3*2*96485/-1/G92 -> 0.080644238 | W92: =+T92+U92 -> 0.16213462 | X92: =+K92/(K92+L92) -> 0.03055493 | Y92: =+SUM(K92:L92) -> 98.599254
A93: Ag60 GDE in PTFE holder | B93: 60 | C93: =+'Flow rate'!E92 -> 61.6 | D93: 0.3 M Na2SO4 | E93: 0.05 M H2SO4 | F93: CCM-CEM | G93: -3 | H93: 45413.978 | I93: =+(H93-H$2)*24 -> 35.85 | J93: 3.0504489 | K93: 3.0079033 | L93: 95.582564 | N93: 0.045695967 | O93: 0.0014362942 | P93: =+J93/SUM($J93:$O93) -> 0.029998106 | Q93: =+K93/SUM($J93:$O93) -> 0.029579713 | R93: =+L93/SUM($J93:$O93) -> 0.93995868 | S93: =+N93/SUM($J93:$O93) -> 0.00044937402 | T93: =+P93*C93/1000/60/24.3*2*96485/-1/G93 -> 0.081524017 | U93: =+Q93*C93/1000/60/24.3*2*96485/-1/G93 -> 0.080386976 | W93: =+T93+U93 -> 0.16191099 | X93: =+K93/(K93+L93) -> 0.030509068
A94: Ag60 GDE in PTFE holder | B94: 60 | C94: =+'Flow rate'!E93 -> 61.5 | D94: 0.3 M Na2SO4 | E94: 0.05 M H2SO4 | F94: CCM-CEM | G94: -3 | H94: 45413.99 | I94: =+(H94-H$2)*24 -> 36.133333 | J94: 3.0794952 | K94: 2.9877191 | L94: 95.595252 | N94: 0.04404778 | O94: 0.11600678 | P94: =+J94/SUM($J94:$O94) -> 0.030243753 | Q94: =+K94/SUM($J94:$O94) -> 0.029342419 | R94: =+L94/SUM($J94:$O94) -> 0.93884193 | S94: =+N94/SUM($J94:$O94) -> 0.00043259369 | T94: =+P94*C94/1000/60/24.3*2*96485/-1/G94 -> 0.082058168 | U94: =+Q94*C94/1000/60/24.3*2*96485/-1/G94 -> 0.079612645 | W94: =+T94+U94 -> 0.16167081 | X94: =+K94/(K94+L94) -> 0.030306645 | Y94: =+SUM(K94:L94) -> 98.582971
A95: Ag60 GDE in PTFE holder | B95: 60 | C95: =+'Flow rate'!E94 -> 61.6 | D95: 0.3 M Na2SO4 | E95: 0.05 M H2SO4 | F95: CCM-CEM | G95: -3 | H95: 45414.001 | I95: =+(H95-H$2)*24 -> 36.416667 | J95: 3.0610824 | K95: 3.0200433 | L95: 95.613854 | N95: 0.044698564 | O95: 0.11829991 | P95: =+J95/SUM($J95:$O95) -> 0.030052456 | Q95: =+K95/SUM($J95:$O95) -> 0.029649551 | R95: =+L95/SUM($J95:$O95) -> 0.93869774 | S95: =+N95/SUM($J95:$O95) -> 0.00043883224 | T95: =+P95*C95/1000/60/24.3*2*96485/-1/G95 -> 0.081671719 | U95: =+Q95*C95/1000/60/24.3*2*96485/-1/G95 -> 0.08057677 | W95: =+T95+U95 -> 0.16224849 | X95: =+K95/(K95+L95) -> 0.030618717
A96: Ag60 GDE in PTFE holder | B96: 60 | C96: =+'Flow rate'!E95 -> 61.9 | D96: 0.3 M Na2SO4 | E96: 0.05 M H2SO4 | F96: CCM-CEM | G96: -3 | H96: 45414.013 | I96: =+(H96-H$2)*24 -> 36.7 | J96: 3.065657 | K96: 3.0131922 | L96: 95.600557 | N96: 0.045120918 | O96: 0.0013539988 | P96: =+J96/SUM($J96:$O96) -> 0.030136451 | Q96: =+K96/SUM($J96:$O96) -> 0.029620704 | R96: =+L96/SUM($J96:$O96) -> 0.93978598 | S96: =+N96/SUM($J96:$O96) -> 0.00044355397 | T96: =+P96*C96/1000/60/24.3*2*96485/-1/G96 -> 0.082298851 | U96: =+Q96*C96/1000/60/24.3*2*96485/-1/G96 -> 0.080890411 | W96: =+T96+U96 -> 0.16318926 | X96: =+K96/(K96+L96) -> 0.030555498 | Y96: =+SUM(K96:L96) -> 98.613749
A97: Ag60 GDE in PTFE holder | B97: 60 | C97: =+'Flow rate'!E96 -> 61.6 | D97: 0.3 M Na2SO4 | E97: 0.05 M H2SO4 | F97: CCM-CEM | G97: -3 | H97: 45414.025 | I97: =+(H97-H$2)*24 -> 36.983333 | J97: 3.086814 | K97: 2.9669444 | L97: 95.505673 | N97: 0.044938663 | O97: 0.0014941112 | P97: =+J97/SUM($J97:$O97) -> 0.030380274 | Q97: =+K97/SUM($J97:$O97) -> 0.029200524 | R97: =+L97/SUM($J97:$O97) -> 0.93996221 | S97: =+N97/SUM($J97:$O97) -> 0.00044228415 | T97: =+P97*C97/1000/60/24.3*2*96485/-1/G97 -> 0.082562612 | U97: =+Q97*C97/1000/60/24.3*2*96485/-1/G97 -> 0.079356475 | W97: =+T97+U97 -> 0.16191909 | X97: =+K97/(K97+L97) -> 0.030129639
A98: Ag60 GDE in PTFE holder | B98: 60 | C98: =+'Flow rate'!E97 -> 61.6 | D98: 0.3 M Na2SO4 | E98: 0.05 M H2SO4 | F98: CCM-CEM | G98: -3 | H98: 45414.042 | I98: =+(H98-H$2)*24 -> 37.4 | J98: 3.1039502 | K98: 2.9576271 | L98: 95.557714 | N98: 0.046185628 | O98: 0.0012212889 | P98: =+J98/SUM($J98:$O98) -> 0.030530648 | Q98: =+K98/SUM($J98:$O98) -> 0.029091405 | R98: =+L98/SUM($J98:$O98) -> 0.93991165 | S98: =+N98/SUM($J98:$O98) -> 0.00045428473 | T98: =+P98*C98/1000/60/24.3*2*96485/-1/G98 -> 0.082971273 | U98: =+Q98*C98/1000/60/24.3*2*96485/-1/G98 -> 0.07905993 | W98: =+T98+U98 -> 0.1620312 | X98: =+K98/(K98+L98) -> 0.030021995 | Y98: =+SUM(K98:L98) -> 98.515341
A99: Ag60 GDE in PTFE holder | B99: 60 | C99: =+'Flow rate'!E98 -> 61.9 | D99: 0.3 M Na2SO4 | E99: 0.05 M H2SO4 | F99: CCM-CEM | G99: -3 | H99: 45414.054 | I99: =+(H99-H$2)*24 -> 37.683333 | J99: 3.1053982 | K99: 2.9610143 | L99: 95.51647 | N99: 0.045346576 | O99: 0.0015181045 | P99: =+J99/SUM($J99:$O99) -> 0.030555996 | Q99: =+K99/SUM($J99:$O99) -> 0.029135311 | R99: =+L99/SUM($J99:$O99) -> 0.93984756 | S99: =+N99/SUM($J99:$O99) -> 0.00044619393 | T99: =+P99*C99/1000/60/24.3*2*96485/-1/G99 -> 0.083444576 | U99: =+Q99*C99/1000/60/24.3*2*96485/-1/G99 -> 0.079564864 | W99: =+T99+U99 -> 0.16300944 | X99: =+K99/(K99+L99) -> 0.030067932
A100: Ag60 GDE in PTFE holder | B100: 60 | C100: =+'Flow rate'!E99 -> 61.6 | D100: 0.3 M Na2SO4 | E100: 0.05 M H2SO4 | F100: CCM-CEM | G100: -3 | H100: 45414.066 | I100: =+(H100-H$2)*24 -> 37.966667 | J100: 3.111911 | K100: 2.9573029 | L100: 95.539802 | N100: 0.045582373 | O100: 0.11913385 | P100: =+J100/SUM($J100:$O100) -> 0.03057676 | Q100: =+K100/SUM($J100:$O100) -> 0.029057625 | R100: =+L100/SUM($J100:$O100) -> 0.93874716 | S100: =+N100/SUM($J100:$O100) -> 0.00044787955 | T100: =+P100*C100/1000/60/24.3*2*96485/-1/G100 -> 0.083096588 | U100: =+Q100*C100/1000/60/24.3*2*96485/-1/G100 -> 0.078968127 | W100: =+T100+U100 -> 0.16206472 | X100: =+K100/(K100+L100) -> 0.030024262 | Y100: =+SUM(K100:L100) -> 98.497105
...

Sheet Flow rate
B1: 0.9Mna2so4ph2 | C1: =+'Acidic Catholyte_Na2SO4'!H2 -> 45412.484 | D1: =+C1-2/24 -> 45412.401 | E1: {=INDEX(B$1:B$224233, MATCH(D1,A$1:A$224233,1) +0)} -> 51.4
A2: 45412.385 | B2: 0 | C2: =+'Acidic Catholyte_Na2SO4'!H3 -> 45412.497 | D2: =+C2-2/24 -> 45412.413 | E2: {=INDEX(B$1:B$224233, MATCH(D2,A$1:A$224233,1) +0)} -> 54.1
A3: 45412.386 | B3: 12.3 | C3: =+'Acidic Catholyte_Na2SO4'!H4 -> 45412.52 | D3: =+C3-2/24 -> 45412.437 | E3: {=INDEX(B$1:B$224233, MATCH(D3,A$1:A$224233,1) +0)} -> 56.4
A4: 45412.387 | B4: 50.2 | C4: =+'Acidic Catholyte_Na2SO4'!H5 -> 45412.556 | D4: =+C4-2/24 -> 45412.473 | E4: {=INDEX(B$1:B$224233, MATCH(D4,A$1:A$224233,1) +0)} -> 58.2
A5: 45412.387 | B5: 50.4 | C5: =+'Acidic Catholyte_Na2SO4'!H6 -> 45412.598 | D5: =+C5-2/24 -> 45412.515 | E5: {=INDEX(B$1:B$224233, MATCH(D5,A$1:A$224233,1) +0)} -> 58.7
A6: 45412.388 | B6: 50.1 | C6: =+'Acidic Catholyte_Na2SO4'!H7 -> 45412.64 | D6: =+C6-2/24 -> 45412.557 | E6: {=INDEX(B$1:B$224233, MATCH(D6,A$1:A$224233,1) +0)} -> 59.5
A7: 45412.389 | B7: 49.8 | C7: =+'Acidic Catholyte_Na2SO4'!H8 -> 45412.664 | D7: =+C7-2/24 -> 45412.581 | E7: {=INDEX(B$1:B$224233, MATCH(D7,A$1:A$224233,1) +0)} -> 59.3
A8: 45412.39 | B8: 49.7 | C8: =+'Acidic Catholyte_Na2SO4'!H9 -> 45412.688 | D8: =+C8-2/24 -> 45412.604 | E8: {=INDEX(B$1:B$224233, MATCH(D8,A$1:A$224233,1) +0)} -> 59.1
A9: 45412.39 | B9: 49.7 | C9: =+'Acidic Catholyte_Na2SO4'!H10 -> 45412.712 | D9: =+C9-2/24 -> 45412.628 | E9: {=INDEX(B$1:B$224233, MATCH(D9,A$1:A$224233,1) +0)} -> 58.8
A10: 45412.391 | B10: 49.5 | C10: =+'Acidic Catholyte_Na2SO4'!H11 -> 45412.748 | D10: =+C10-2/24 -> 45412.665 | E10: {=INDEX(B$1:B$224233, MATCH(D10,A$1:A$224233,1) +0)} -> 59.3
A11: 45412.392 | B11: 49.5 | C11: =+'Acidic Catholyte_Na2SO4'!H12 -> 45412.784 | D11: =+C11-2/24 -> 45412.701 | E11: {=INDEX(B$1:B$224233, MATCH(D11,A$1:A$224233,1) +0)} -> 59.6
A12: 45412.392 | B12: 49.7 | C12: =+'Acidic Catholyte_Na2SO4'!H13 -> 45412.82 | D12: =+C12-2/24 -> 45412.737 | E12: {=INDEX(B$1:B$224233, MATCH(D12,A$1:A$224233,1) +0)} -> 60.1
A13: 45412.393 | B13: 50 | C13: =+'Acidic Catholyte_Na2SO4'!H14 -> 45412.844 | D13: =+C13-2/24 -> 45412.76 | E13: {=INDEX(B$1:B$224233, MATCH(D13,A$1:A$224233,1) +0)} -> 60.1
... A124: 45412.47 | B124: 58.2 | C124: =+'Acidic Catholyte_Na2SO4'!H125 -> 45414.385 | D124: =+C124-2/24 -> 45414.301 | E124: {=INDEX(B$1:B$224233, MATCH(D124,A$1:A$224233,1) +0)} -> 62.4
A125: 45412.471 | B125: 58.1
A126: 45412.472 | B126: 58
A127: 45412.472 | B127: 58.1
A128: 45412.473 | B128: 58.2
A129: 45412.474 | B129: 57.9
A130: 45412.474 | B130: 58.3
A131: 45412.475 | B131: 58.1
A132: 45412.476 | B132: 58.4
A133: 45412.476 | B133: 58.3
A134: 45412.477 | B134: 58.5
A135: 45412.478 | B135: 58.4
A136: 45412.478 | B136: 58.3
... A2836: 45414.353 | B2836: 54.8
