Workbook

Sheet Acidic catholyte_Cs2SO4
A1: Electrode | B1: Inlet flow rate | C1: Flow rate (ml min-1) | D1: Catholyte | E1: Anolyte | F1: Membrane | G1: Applied current / A | H1: Time | I1: Duration / h | J1: area(H2) | K1: area(CO) | L1: area(CO2) | M1: area(CH4) | N1: area(O2) | O1: area(N2) | P1: c(H2) | Q1: c(CO) | R1: c(CO2) | S1: c(O2) | T1: FE(H2) | U1: FE(CO) | V1: FE(CH4) | W1: Total FE | X1: Carbon efficiency
A2: Ag60 GDE in PTFE holder | B2: 60 | C2: =+'Flow rate'!E1 -> 56.151374 | D2: 0.3 M Na2SO4 | E2: 0.05 M H2SO4 | F2: CCM-CEM | G2: 0 | H2: 45408.585 | I2: 0 | J2: 0 | K2: 0 | L2: 0 | N2: 0 | O2: 0 | P2: =+J2/100 -> 0 | Q2: =+K2/100 -> 0 | R2: =+L2/100 -> 0 | S2: =+AD2/100 -> 0 | T2: 0 | U2: 0 | W2: =+T2+U2 -> 0 | X2: 0
A3: Ag60 GDE in PTFE holder | B3: 60 | C3: =+'Flow rate'!E2 -> 55.082611 | D3: 0.3 M Na2SO4 | E3: 0.05 M H2SO4 | F3: CCM-CEM | G3: -0.124 | H3: 45408.591 | I3: =+(H3-H$2)*24 -> 0.15 | J3: 0.122692 | K3: 0.87906504 | L3: 100.52735 | N3: 0.095383866 | O3: 0.21200767 | P3: =+J3/SUM($J3:$O3) -> 0.001204794 | Q3: =+K3/SUM($J3:$O3) -> 0.0086321217 | R3: =+L3/SUM($J3:$O3) -> 0.9871446 | S3: =+N3/SUM($J3:$O3) -> 0.00093663734 | T3: =+P3*C3/1000/60/24.3*2*96485/-1/G3 -> 0.070833367 | U3: =+Q3*C3/1000/60/24.3*2*96485/-1/G3 -> 0.50750773 | W3: =+T3+U3 -> 0.5783411 | X3: =+K3/(K3+L3) -> 0.0086687322 | Y3: =+SUM(J3:L3) -> 101.52911
A4: Ag60 GDE in PTFE holder | B4: 60 | C4: =+'Flow rate'!E3 -> 57.183324 | D4: 0.3 M Na2SO4 | E4: 0.05 M H2SO4 | F4: CCM-CEM | G4: -0.124 | H4: 45408.608 | I4: =+(H4-H$2)*24 -> 0.56666667 | J4: 0.16651957 | K4: 1.4971956 | L4: 99.740162 | N4: 0.070937424 | O4: 0.15299291 | P4: =+J4/SUM($J4:$O4) -> 0.0016385237 | Q4: =+K4/SUM($J4:$O4) -> 0.014732145 | R4: =+L4/SUM($J4:$O4) -> 0.9814259 | S4: =+N4/SUM($J4:$O4) -> 0.00069801195 | T4: =+P4*C4/1000/60/24.3*2*96485/-1/G4 -> 0.10000753 | U4: =+Q4*C4/1000/60/24.3*2*96485/-1/G4 -> 0.89917864 | W4: =+T4+U4 -> 0.99918617 | X4: =+K4/(K4+L4) -> 0.014788964
A5: Ag60 GDE in PTFE holder | B5: 60 | C5: =+'Flow rate'!E4 -> 58.115887 | D5: 0.3 M Na2SO4 | E5: 0.05 M H2SO4 | F5: CCM-CEM | G5: -0.124 | H5: 45408.626 | I5: =+(H5-H$2)*24 -> 1 | J5: 0.17721207 | K5: 1.5047509 | L5: 99.64181 | N5: 0.057896134 | O5: 0.12504 | P5: =+J5/SUM($J5:$O5) -> 0.0017458163 | Q5: =+K5/SUM($J5:$O5) -> 0.014824153 | R5: =+L5/SUM($J5:$O5) -> 0.98162782 | S5: =+N5/SUM($J5:$O5) -> 0.00057036756 | T5: =+P5*C5/1000/60/24.3*2*96485/-1/G5 -> 0.1082939 | U5: =+Q5*C5/1000/60/24.3*2*96485/-1/G5 -> 0.91954998 | W5: =+T5+U5 -> 1.0278439 | X5: =+K5/(K5+L5) -> 0.014876936 | Y5: =+SUM(J5:L5) -> 101.32377
A6: Ag60 GDE in PTFE holder | B6: 60 | C6: =+'Flow rate'!E5 -> 58.045685 | D6: 0.3 M Na2SO4 | E6: 0.05 M H2SO4 | F6: CCM-CEM | G6: -0.124 | H6: 45408.644 | I6: =+(H6-H$2)*24 -> 1.4166667 | J6: 0.18322375 | K6: 1.4635366 | L6: 99.738351 | N6: 0.050546182 | O6: 0.11022847 | P6: =+J6/SUM($J6:$O6) -> 0.0018043443 | Q6: =+K6/SUM($J6:$O6) -> 0.014412564 | R6: =+L6/SUM($J6:$O6) -> 0.98219982 | S6: =+N6/SUM($J6:$O6) -> 0.00049776691 | T6: =+P6*C6/1000/60/24.3*2*96485/-1/G6 -> 0.11178923 | U6: =+Q6*C6/1000/60/24.3*2*96485/-1/G6 -> 0.89293897 | W6: =+T6+U6 -> 1.0047282 | X6: =+K6/(K6+L6) -> 0.014461554
A7: Ag60 GDE in PTFE holder | B7: 60 | C7: =+'Flow rate'!E6 -> 58.903171 | D7: 0.3 M Na2SO4 | E7: 0.05 M H2SO4 | F7: CCM-CEM | G7: -0.124 | H7: 45408.662 | I7: =+(H7-H$2)*24 -> 1.85 | J7: 0.18601271 | K7: 1.4357084 | L7: 99.810069 | N7: 0.04342794 | O7: 0.089881266 | P7: =+J7/SUM($J7:$O7) -> 0.0018314629 | Q7: =+K7/SUM($J7:$O7) -> 0.014135844 | R7: =+L7/SUM($J7:$O7) -> 0.98272014 | S7: =+N7/SUM($J7:$O7) -> 0.00042758723 | T7: =+P7*C7/1000/60/24.3*2*96485/-1/G7 -> 0.11514561 | U7: =+Q7*C7/1000/60/24.3*2*96485/-1/G7 -> 0.8887324 | W7: =+T7+U7 -> 1.003878 | X7: =+K7/(K7+L7) -> 0.014180428 | Y7: =+SUM(J7:L7) -> 101.43179
A8: Ag60 GDE in PTFE holder | B8: 60 | C8: =+'Flow rate'!E7 -> 58.602159 | D8: 0.3 M Na2SO4 | E8: 0.05 M H2SO4 | F8: CCM-CEM | G8: -0.27 | H8: 45408.679 | I8: =+(H8-H$2)*24 -> 2.2666667 | J8: 0.67223923 | K8: 2.6302013 | L8: 98.419341 | N8: 0.039449018 | O8: 0.07957343 | P8: =+J8/SUM($J8:$O8) -> 0.006600883 | Q8: =+K8/SUM($J8:$O8) -> 0.025826596 | R8: =+L8/SUM($J8:$O8) -> 0.96640381 | S8: =+N8/SUM($J8:$O8) -> 0.00038735965 | T8: =+P8*C8/1000/60/24.3*2*96485/-1/G8 -> 0.18962001 | U8: =+Q8*C8/1000/60/24.3*2*96485/-1/G8 -> 0.74190671 | W8: =+T8+U8 -> 0.93152671 | X8: =+K8/(K8+L8) -> 0.02602883
A9: Ag60 GDE in PTFE holder | B9: 60 | C9: =+'Flow rate'!E8 -> 58.569921 | D9: 0.3 M Na2SO4 | E9: 0.05 M H2SO4 | F9: CCM-CEM | G9: -0.27 | H9: 45408.697 | I9: =+(H9-H$2)*24 -> 2.7 | J9: 0.57202911 | K9: 2.8127207 | L9: 98.161719 | N9: 0.032456871 | O9: 0.053495348 | P9: =+J9/SUM($J9:$O9) -> 0.0056284117 | Q9: =+K9/SUM($J9:$O9) -> 0.027675427 | R9: =+L9/SUM($J9:$O9) -> 0.96585044 | S9: =+N9/SUM($J9:$O9) -> 0.00031935549 | T9: =+P9*C9/1000/60/24.3*2*96485/-1/G9 -> 0.16159541 | U9: =+Q9*C9/1000/60/24.3*2*96485/-1/G9 -> 0.79457972 | W9: =+T9+U9 -> 0.95617513 | X9: =+K9/(K9+L9) -> 0.027855769 | Y9: =+SUM(J9:L9) -> 101.54647
A10: Ag60 GDE in PTFE holder | B10: 60 | C10: =+'Flow rate'!E9 -> 58.313673 | D10: 0.3 M Na2SO4 | E10: 0.05 M H2SO4 | F10: CCM-CEM | G10: -0.27 | H10: 45408.715 | I10: =+(H10-H$2)*24 -> 3.1166667 | J10: 0.5879591 | K10: 2.8312488 | L10: 98.174443 | N10: 0.031006277 | O10: 0.049395409 | P10: =+J10/SUM($J10:$O10) -> 0.0057827841 | Q10: =+K10/SUM($J10:$O10) -> 0.027846326 | R10: =+L10/SUM($J10:$O10) -> 0.96558011 | S10: =+N10/SUM($J10:$O10) -> 0.00030495762 | T10: =+P10*C10/1000/60/24.3*2*96485/-1/G10 -> 0.16530115 | U10: =+Q10*C10/1000/60/24.3*2*96485/-1/G10 -> 0.79598853 | W10: =+T10+U10 -> 0.96128968 | X10: =+K10/(K10+L10) -> 0.028030587
A11: Ag60 GDE in PTFE holder | B11: 60 | C11: =+'Flow rate'!E10 -> 59.759113 | D11: 0.3 M Na2SO4 | E11: 0.05 M H2SO4 | F11: CCM-CEM | G11: -0.27 | H11: 45408.733 | I11: =+(H11-H$2)*24 -> 3.55 | J11: 0.56502258 | K11: 2.7202591 | L11: 98.077553 | N11: 0.032021682 | O11: 0.054648452 | P11: =+J11/SUM($J11:$O11) -> 0.0055694957 | Q11: =+K11/SUM($J11:$O11) -> 0.026813922 | R11: =+L11/SUM($J11:$O11) -> 0.96676226 | S11: =+N11/SUM($J11:$O11) -> 0.00031564158 | T11: =+P11*C11/1000/60/24.3*2*96485/-1/G11 -> 0.16315054 | U11: =+Q11*C11/1000/60/24.3*2*96485/-1/G11 -> 0.78547612 | W11: =+T11+U11 -> 0.94862667 | X11: =+K11/(K11+L11) -> 0.026987283 | Y11: =+SUM(J11:L11) -> 101.36283
A12: Ag60 GDE in PTFE holder | B12: 60 | C12: =+'Flow rate'!E11 -> 59.335781 | D12: 0.3 M Na2SO4 | E12: 0.05 M H2SO4 | F12: CCM-CEM | G12: -0.27 | H12: 45408.75 | I12: =+(H12-H$2)*24 -> 3.9666667 | J12: 0.57483177 | K12: 2.8333412 | L12: 98.263297 | N12: 0.031977731 | O12: 0.057874288 | P12: =+J12/SUM($J12:$O12) -> 0.0056488237 | Q12: =+K12/SUM($J12:$O12) -> 0.027843007 | R12: =+L12/SUM($J12:$O12) -> 0.9656252 | S12: =+N12/SUM($J12:$O12) -> 0.00031424249 | T12: =+P12*C12/1000/60/24.3*2*96485/-1/G12 -> 0.16430213 | U12: =+Q12*C12/1000/60/24.3*2*96485/-1/G12 -> 0.8098439 | W12: =+T12+U12 -> 0.97414603 | X12: =+K12/(K12+L12) -> 0.028026068
A13: Ag60 GDE in PTFE holder | B13: 60 | C13: =+'Flow rate'!E12 -> 60.443483 | D13: 0.3 M Na2SO4 | E13: 0.05 M H2SO4 | F13: CCM-CEM | G13: -0.52 | H13: 45408.768 | I13: =+(H13-H$2)*24 -> 4.4 | J13: 0.84790145 | K13: 5.0359289 | L13: 95.197769 | N13: 0.03188518 | O13: 0.050033578 | P13: =+J13/SUM($J13:$O13) -> 0.0083814944 | Q13: =+K13/SUM($J13:$O13) -> 0.049780088 | R13: =+L13/SUM($J13:$O13) -> 0.94102865 | S13: =+N13/SUM($J13:$O13) -> 0.00031518457 | T13: =+P13*C13/1000/60/24.3*2*96485/-1/G13 -> 0.12894362 | U13: =+Q13*C13/1000/60/24.3*2*96485/-1/G13 -> 0.765833 | W13: =+T13+U13 -> 0.89477662 | X13: =+K13/(K13+L13) -> 0.050241875 | Y13: =+SUM(J13:L13) -> 101.0816
A14: Ag60 GDE in PTFE holder | B14: 60 | C14: =+'Flow rate'!E13 -> 60.575346 | D14: 0.3 M Na2SO4 | E14: 0.05 M H2SO4 | F14: CCM-CEM | G14: -0.52 | H14: 45408.785 | I14: =+(H14-H$2)*24 -> 4.8166667 | J14: 0.83145185 | K14: 5.2392839 | L14: 94.999932 | N14: 0.030877968 | O14: 0.046373089 | P14: =+J14/SUM($J14:$O14) -> 0.0082201578 | Q14: =+K14/SUM($J14:$O14) -> 0.051798237 | R14: =+L14/SUM($J14:$O14) -> 0.93921786 | S14: =+N14/SUM($J14:$O14) -> 0.00030527536 | T14: =+P14*C14/1000/60/24.3*2*96485/-1/G14 -> 0.12673746 | U14: =+Q14*C14/1000/60/24.3*2*96485/-1/G14 -> 0.79861932 | W14: =+T14+U14 -> 0.92535677 | X14: =+K14/(K14+L14) -> 0.052267806
A15: Ag60 GDE in PTFE holder | B15: 60 | C15: =+'Flow rate'!E14 -> 61.293408 | D15: 0.3 M Na2SO4 | E15: 0.05 M H2SO4 | F15: CCM-CEM | G15: -0.52 | H15: 45408.803 | I15: =+(H15-H$2)*24 -> 5.25 | J15: 0.83245105 | K15: 5.2938813 | L15: 94.931053 | N15: 0.029318327 | O15: 0.041714446 | P15: =+J15/SUM($J15:$O15) -> 0.0082316233 | Q15: =+K15/SUM($J15:$O15) -> 0.052348108 | R15: =+L15/SUM($J15:$O15) -> 0.93871787 | S15: =+N15/SUM($J15:$O15) -> 0.00028991185 | T15: =+P15*C15/1000/60/24.3*2*96485/-1/G15 -> 0.12841868 | U15: =+Q15*C15/1000/60/24.3*2*96485/-1/G15 -> 0.81666451 | W15: =+T15+U15 -> 0.94508319 | X15: =+K15/(K15+L15) -> 0.052820003 | Y15: =+SUM(J15:L15) -> 101.05739
A16: Ag60 GDE in PTFE holder | B16: 60 | C16: =+'Flow rate'!E15 -> 59.99416 | D16: 0.3 M Na2SO4 | E16: 0.05 M H2SO4 | F16: CCM-CEM | G16: -0.52 | H16: 45408.821 | I16: =+(H16-H$2)*24 -> 5.6666667 | J16: 0.63518819 | K16: 5.3015481 | L16: 94.936371 | N16: 0.031755874 | O16: 0.050913883 | P16: =+J16/SUM($J16:$O16) -> 0.0062917468 | Q16: =+K16/SUM($J16:$O16) -> 0.052513568 | R16: =+L16/SUM($J16:$O16) -> 0.94037581 | S16: =+N16/SUM($J16:$O16) -> 0.00031455233 | T16: =+P16*C16/1000/60/24.3*2*96485/-1/G16 -> 0.096074723 | U16: =+Q16*C16/1000/60/24.3*2*96485/-1/G16 -> 0.8018801 | W16: =+T16+U16 -> 0.89795482 | X16: =+K16/(K16+L16) -> 0.052889646
A17: Ag60 GDE in PTFE holder | B17: 60 | C17: =+'Flow rate'!E16 -> 60.571302 | D17: 0.3 M Na2SO4 | E17: 0.05 M H2SO4 | F17: CCM-CEM | G17: -0.77 | H17: 45408.839 | I17: =+(H17-H$2)*24 -> 6.1 | J17: 0.86346229 | K17: 6.086892 | L17: 94.111568 | N17: 0.030378014 | O17: 0.044517333 | P17: =+J17/SUM($J17:$O17) -> 0.0085375663 | Q17: =+K17/SUM($J17:$O17) -> 0.060184729 | R17: =+L17/SUM($J17:$O17) -> 0.93053717 | S17: =+N17/SUM($J17:$O17) -> 0.00030036554 | T17: =+P17*C17/1000/60/24.3*2*96485/-1/G17 -> 0.08888788 | U17: =+Q17*C17/1000/60/24.3*2*96485/-1/G17 -> 0.62660631 | W17: =+T17+U17 -> 0.71549419 | X17: =+K17/(K17+L17) -> 0.060748359 | Y17: =+SUM(J17:L17) -> 101.06192
A18: Ag60 GDE in PTFE holder | B18: 60 | C18: =+'Flow rate'!E17 -> 61.548426 | D18: 0.3 M Na2SO4 | E18: 0.05 M H2SO4 | F18: CCM-CEM | G18: -0.77 | H18: 45408.856 | I18: =+(H18-H$2)*24 -> 6.5166667 | J18: 0.95002593 | K18: 7.4247214 | L18: 92.559688 | N18: 0.032061426 | O18: 0.043372538 | P18: =+J18/SUM($J18:$O18) -> 0.0094052783 | Q18: =+K18/SUM($J18:$O18) -> 0.07350491 | R18: =+L18/SUM($J18:$O18) -> 0.91634301 | S18: =+N18/SUM($J18:$O18) -> 0.00031740884 | T18: =+P18*C18/1000/60/24.3*2*96485/-1/G18 -> 0.099501619 | U18: =+Q18*C18/1000/60/24.3*2*96485/-1/G18 -> 0.7776333 | W18: =+T18+U18 -> 0.87713492 | X18: =+K18/(K18+L18) -> 0.074258791
A19: Ag60 GDE in PTFE holder | B19: 60 | C19: =+'Flow rate'!E18 -> 61.343175 | D19: 0.3 M Na2SO4 | E19: 0.05 M H2SO4 | F19: CCM-CEM | G19: -0.77 | H19: 45408.874 | I19: =+(H19-H$2)*24 -> 6.95 | J19: 0.98961019 | K19: 7.5179597 | L19: 92.433429 | N19: 0.031378142 | O19: 0.039977475 | P19: =+J19/SUM($J19:$O19) -> 0.0097969224 | Q19: =+K19/SUM($J19:$O19) -> 0.074426141 | R19: =+L19/SUM($J19:$O19) -> 0.91507053 | S19: =+N19/SUM($J19:$O19) -> 0.00031063668 | T19: =+P19*C19/1000/60/24.3*2*96485/-1/G19 -> 0.10329932 | U19: =+Q19*C19/1000/60/24.3*2*96485/-1/G19 -> 0.78475357 | W19: =+T19+U19 -> 0.88805289 | X19: =+K19/(K19+L19) -> 0.075216161 | Y19: =+SUM(J19:L19) -> 100.941
A20: Ag60 GDE in PTFE holder | B20: 60 | C20: =+'Flow rate'!E19 -> 61.845123 | D20: 0.3 M Na2SO4 | E20: 0.05 M H2SO4 | F20: CCM-CEM | G20: -0.77 | H20: 45408.893 | I20: =+(H20-H$2)*24 -> 7.4 | J20: 0.99972128 | K20: 7.544491 | L20: 92.373531 | N20: 0.032266123 | O20: 0.045130106 | P20: =+J20/SUM($J20:$O20) -> 0.0098987068 | Q20: =+K20/SUM($J20:$O20) -> 0.074701525 | R20: =+L20/SUM($J20:$O20) -> 0.91463343 | S20: =+N20/SUM($J20:$O20) -> 0.00031948194 | T20: =+P20*C20/1000/60/24.3*2*96485/-1/G20 -> 0.10522658 | U20: =+Q20*C20/1000/60/24.3*2*96485/-1/G20 -> 0.79410233 | W20: =+T20+U20 -> 0.89932892 | X20: =+K20/(K20+L20) -> 0.075506808
A21: Ag60 GDE in PTFE holder | B21: 60 | C21: =+'Flow rate'!E20 -> 61.024411 | D21: 0.3 M Na2SO4 | E21: 0.05 M H2SO4 | F21: CCM-CEM | G21: -0.77 | H21: 45408.905 | I21: =+(H21-H$2)*24 -> 7.6833333 | J21: 0.95336395 | K21: 7.5815556 | L21: 92.341911 | N21: 0.031677383 | O21: 0.041888002 | P21: =+J21/SUM($J21:$O21) -> 0.0094438852 | Q21: =+K21/SUM($J21:$O21) -> 0.075101791 | R21: =+L21/SUM($J21:$O21) -> 0.9147256 | S21: =+N21/SUM($J21:$O21) -> 0.00031379157 | T21: =+P21*C21/1000/60/24.3*2*96485/-1/G21 -> 0.099059434 | U21: =+Q21*C21/1000/60/24.3*2*96485/-1/G21 -> 0.78776275 | W21: =+T21+U21 -> 0.88682218 | X21: =+K21/(K21+L21) -> 0.075873624 | Y21: =+SUM(J21:L21) -> 100.87683
A22: Ag60 GDE in PTFE holder | B22: 60 | C22: =+'Flow rate'!E21 -> 60.666042 | D22: 0.3 M Na2SO4 | E22: 0.05 M H2SO4 | F22: CCM-CEM | G22: -0.77 | H22: 45408.917 | I22: =+(H22-H$2)*24 -> 7.9666667 | J22: 0.84366174 | K22: 7.5531742 | L22: 92.33888 | N22: 0.030749658 | O22: 0.03961585 | P22: =+J22/SUM($J22:$O22) -> 0.0083691552 | Q22: =+K22/SUM($J22:$O22) -> 0.074927764 | R22: =+L22/SUM($J22:$O22) -> 0.91600505 | S22: =+N22/SUM($J22:$O22) -> 0.00030503773 | T22: =+P22*C22/1000/60/24.3*2*96485/-1/G22 -> 0.087270774 | U22: =+Q22*C22/1000/60/24.3*2*96485/-1/G22 -> 0.78132187 | W22: =+T22+U22 -> 0.86859264 | X22: =+K22/(K22+L22) -> 0.075613364
A23: Ag60 GDE in PTFE holder | B23: 60 | C23: =+'Flow rate'!E22 -> 62.499085 | D23: 0.3 M Na2SO4 | E23: 0.05 M H2SO4 | F23: CCM-CEM | G23: -1.1 | H23: 45408.928 | I23: =+(H23-H$2)*24 -> 8.25 | J23: 2.8564526 | K23: 8.7598644 | L23: 90.501276 | N23: 0.032962803 | O23: 0.041501918 | P23: =+J23/SUM($J23:$O23) -> 0.027951806 | Q23: =+K23/SUM($J23:$O23) -> 0.08571962 | R23: =+L23/SUM($J23:$O23) -> 0.8855999 | S23: =+N23/SUM($J23:$O23) -> 0.00032255738 | T23: =+P23*C23/1000/60/24.3*2*96485/-1/G23 -> 0.21019536 | U23: =+Q23*C23/1000/60/24.3*2*96485/-1/G23 -> 0.64460472 | W23: =+T23+U23 -> 0.85480008 | X23: =+K23/(K23+L23) -> 0.088250692 | Y23: =+SUM(J23:L23) -> 102.11759
A24: Ag60 GDE in PTFE holder | B24: 60 | C24: =+'Flow rate'!E23 -> 62.456899 | D24: 0.3 M Na2SO4 | E24: 0.05 M H2SO4 | F24: CCM-CEM | G24: -1.1 | H24: 45408.94 | I24: =+(H24-H$2)*24 -> 8.5333333 | J24: 2.8678677 | K24: 9.0223228 | L24: 90.036769 | N24: 0.03250669 | O24: 0.040378657 | P24: =+J24/SUM($J24:$O24) -> 0.028116393 | Q24: =+K24/SUM($J24:$O24) -> 0.08845428 | R24: =+L24/SUM($J24:$O24) -> 0.88271476 | S24: =+N24/SUM($J24:$O24) -> 0.00031869352 | T24: =+P24*C24/1000/60/24.3*2*96485/-1/G24 -> 0.21129032 | U24: =+Q24*C24/1000/60/24.3*2*96485/-1/G24 -> 0.66472017 | W24: =+T24+U24 -> 0.87601049 | X24: =+K24/(K24+L24) -> 0.09108021
A25: Ag60 GDE in PTFE holder | B25: 60 | C25: =+'Flow rate'!E24 -> 61.365043 | D25: 0.3 M Na2SO4 | E25: 0.05 M H2SO4 | F25: CCM-CEM | G25: -1.1 | H25: 45408.952 | I25: =+(H25-H$2)*24 -> 8.8166667 | J25: 2.9296899 | K25: 9.0299613 | L25: 89.962792 | N25: 0.033137277 | O25: 0.042251149 | P25: =+J25/SUM($J25:$O25) -> 0.02872306 | Q25: =+K25/SUM($J25:$O25) -> 0.088530914 | R25: =+L25/SUM($J25:$O25) -> 0.88200691 | S25: =+N25/SUM($J25:$O25) -> 0.00032488217 | T25: =+P25*C25/1000/60/24.3*2*96485/-1/G25 -> 0.21207591 | U25: =+Q25*C25/1000/60/24.3*2*96485/-1/G25 -> 0.65366553 | W25: =+T25+U25 -> 0.86574143 | X25: =+K25/(K25+L25) -> 0.091218407 | Y25: =+SUM(J25:L25) -> 101.92244
A26: Ag60 GDE in PTFE holder | B26: 60 | C26: =+'Flow rate'!E25 -> 61.664238 | D26: 0.3 M Na2SO4 | E26: 0.05 M H2SO4 | F26: CCM-CEM | G26: -1.1 | H26: 45408.964 | I26: =+(H26-H$2)*24 -> 9.1 | J26: 2.8887577 | K26: 9.0539658 | L26: 89.891289 | N26: 0.032324244 | O26: 0.031602754 | P26: =+J26/SUM($J26:$O26) -> 0.02834952 | Q26: =+K26/SUM($J26:$O26) -> 0.088853276 | R26: =+L26/SUM($J26:$O26) -> 0.88216984 | S26: =+N26/SUM($J26:$O26) -> 0.00031722177 | T26: =+P26*C26/1000/60/24.3*2*96485/-1/G26 -> 0.21033845 | U26: =+Q26*C26/1000/60/24.3*2*96485/-1/G26 -> 0.65924433 | W26: =+T26+U26 -> 0.86958278 | X26: =+K26/(K26+L26) -> 0.0915048
A27: Ag60 GDE in PTFE holder | B27: 60 | C27: =+'Flow rate'!E26 -> 62.305059 | D27: 0.3 M Na2SO4 | E27: 0.05 M H2SO4 | F27: CCM-CEM | G27: -1.1 | H27: 45408.976 | I27: =+(H27-H$2)*24 -> 9.3833333 | J27: 2.9054286 | K27: 9.068755 | L27: 89.88004 | N27: 0.032156855 | O27: 0.040334653 | P27: =+J27/SUM($J27:$O27) -> 0.028505075 | Q27: =+K27/SUM($J27:$O27) -> 0.088973288 | R27: =+L27/SUM($J27:$O27) -> 0.88181042 | S27: =+N27/SUM($J27:$O27) -> 0.00031548996 | T27: =+P27*C27/1000/60/24.3*2*96485/-1/G27 -> 0.21369044 | U27: =+Q27*C27/1000/60/24.3*2*96485/-1/G27 -> 0.66699494 | W27: =+T27+U27 -> 0.88068538 | X27: =+K27/(K27+L27) -> 0.09165099 | Y27: =+SUM(J27:L27) -> 101.85422
A28: Ag60 GDE in PTFE holder | B28: 60 | C28: =+'Flow rate'!E27 -> 61.961997 | D28: 0.3 M Na2SO4 | E28: 0.05 M H2SO4 | F28: CCM-CEM | G28: -1.1 | H28: 45408.988 | I28: =+(H28-H$2)*24 -> 9.6666667 | J28: 2.9628627 | K28: 9.0457977 | L28: 89.825512 | N28: 0.032938226 | O28: 0.043617834 | P28: =+J28/SUM($J28:$O28) -> 0.029073119 | Q28: =+K28/SUM($J28:$O28) -> 0.088761976 | R28: =+L28/SUM($J28:$O28) -> 0.8814137 | S28: =+N28/SUM($J28:$O28) -> 0.00032320665 | T28: =+P28*C28/1000/60/24.3*2*96485/-1/G28 -> 0.21674876 | U28: =+Q28*C28/1000/60/24.3*2*96485/-1/G28 -> 0.66174696 | W28: =+T28+U28 -> 0.87849572 | X28: =+K28/(K28+L28) -> 0.091490622
A29: Ag60 GDE in PTFE holder | B29: 60 | C29: =+'Flow rate'!E28 -> 61.866269 | D29: 0.3 M Na2SO4 | E29: 0.05 M H2SO4 | F29: CCM-CEM | G29: -1.52 | H29: 45408.999 | I29: =+(H29-H$2)*24 -> 9.95 | J29: 3.2177891 | K29: 9.9469348 | L29: 89.831449 | N29: 0.031681036 | O29: 0.031912885 | P29: =+J29/SUM($J29:$O29) -> 0.031222554 | Q29: =+K29/SUM($J29:$O29) -> 0.096516178 | R29: =+L29/SUM($J29:$O29) -> 0.87164421 | S29: =+N29/SUM($J29:$O29) -> 0.0003074045 | T29: =+P29*C29/1000/60/24.3*2*96485/-1/G29 -> 0.16819421 | U29: =+Q29*C29/1000/60/24.3*2*96485/-1/G29 -> 0.51992742 | W29: =+T29+U29 -> 0.68812163 | X29: =+K29/(K29+L29) -> 0.099690278 | Y29: =+SUM(J29:L29) -> 102.99617
A30: Ag60 GDE in PTFE holder | B30: 60 | C30: =+'Flow rate'!E29 -> 64.618812 | D30: 0.3 M Na2SO4 | E30: 0.05 M H2SO4 | F30: CCM-CEM | G30: -1.52 | H30: 45409.011 | I30: =+(H30-H$2)*24 -> 10.233333 | J30: 4.8993599 | K30: 10.887568 | L30: 86.310397 | N30: 0.033328136 | O30: 0.040573396 | P30: =+J30/SUM($J30:$O30) -> 0.047952443 | Q30: =+K30/SUM($J30:$O30) -> 0.10656198 | R30: =+L30/SUM($J30:$O30) -> 0.84476227 | S30: =+N30/SUM($J30:$O30) -> 0.00032619884 | T30: =+P30*C30/1000/60/24.3*2*96485/-1/G30 -> 0.26981022 | U30: =+Q30*C30/1000/60/24.3*2*96485/-1/G30 -> 0.59958387 | W30: =+T30+U30 -> 0.86939408 | X30: =+K30/(K30+L30) -> 0.11201436
A31: Ag60 GDE in PTFE holder | B31: 60 | C31: =+'Flow rate'!E30 -> 64.136691 | D31: 0.3 M Na2SO4 | E31: 0.05 M H2SO4 | F31: CCM-CEM | G31: -1.52 | H31: 45409.023 | I31: =+(H31-H$2)*24 -> 10.516667 | J31: 5.6829116 | K31: 11.094536 | L31: 85.437438 | N31: 0.033143255 | O31: 0.03905422 | P31: =+J31/SUM($J31:$O31) -> 0.055558448 | Q31: =+K31/SUM($J31:$O31) -> 0.10846469 | R31: =+L31/SUM($J31:$O31) -> 0.83527103 | S31: =+N31/SUM($J31:$O31) -> 0.0003240219 | T31: =+P31*C31/1000/60/24.3*2*96485/-1/G31 -> 0.31027397 | U31: =+Q31*C31/1000/60/24.3*2*96485/-1/G31 -> 0.6057363 | W31: =+T31+U31 -> 0.91601027 | X31: =+K31/(K31+L31) -> 0.11493121 | Y31: =+SUM(J31:L31) -> 102.21489
A32: Ag60 GDE in PTFE holder | B32: 60 | C32: =+'Flow rate'!E31 -> 65.196413 | D32: 0.3 M Na2SO4 | E32: 0.05 M H2SO4 | F32: CCM-CEM | G32: -1.52 | H32: 45409.035 | I32: =+(H32-H$2)*24 -> 10.8 | J32: 5.8481244 | K32: 11.122325 | L32: 85.292806 | N32: 0.032836154 | O32: 0.039267333 | P32: =+J32/SUM($J32:$O32) -> 0.057146664 | Q32: =+K32/SUM($J32:$O32) -> 0.10868507 | R32: =+L32/SUM($J32:$O32) -> 0.83346369 | S32: =+N32/SUM($J32:$O32) -> 0.00032086811 | T32: =+P32*C32/1000/60/24.3*2*96485/-1/G32 -> 0.32441675 | U32: =+Q32*C32/1000/60/24.3*2*96485/-1/G32 -> 0.61699587 | W32: =+T32+U32 -> 0.94141262 | X32: =+K32/(K32+L32) -> 0.11535871
A33: Ag60 GDE in PTFE holder | B33: 60 | C33: =+'Flow rate'!E32 -> 64.401972 | D33: 0.3 M Na2SO4 | E33: 0.05 M H2SO4 | F33: CCM-CEM | G33: -1.52 | H33: 45409.047 | I33: =+(H33-H$2)*24 -> 11.083333 | J33: 5.8101087 | K33: 11.023506 | L33: 85.183949 | N33: 0.033028563 | O33: 0.038679838 | P33: =+J33/SUM($J33:$O33) -> 0.05691204 | Q33: =+K33/SUM($J33:$O33) -> 0.10797908 | R33: =+L33/SUM($J33:$O33) -> 0.83440647 | S33: =+N33/SUM($J33:$O33) -> 0.00032352628 | T33: =+P33*C33/1000/60/24.3*2*96485/-1/G33 -> 0.31914791 | U33: =+Q33*C33/1000/60/24.3*2*96485/-1/G33 -> 0.60551859 | W33: =+T33+U33 -> 0.9246665 | X33: =+K33/(K33+L33) -> 0.11458058 | Y33: =+SUM(J33:L33) -> 102.01756
A34: Ag60 GDE in PTFE holder | B34: 60 | C34: =+'Flow rate'!E33 -> 64.285295 | D34: 0.3 M Na2SO4 | E34: 0.05 M H2SO4 | F34: CCM-CEM | G34: -1.52 | H34: 45409.058 | I34: =+(H34-H$2)*24 -> 11.366667 | J34: 5.7932428 | K34: 11.010941 | L34: 85.127102 | N34: 0.033365334 | O34: 0.040108082 | P34: =+J34/SUM($J34:$O34) -> 0.056793848 | Q34: =+K34/SUM($J34:$O34) -> 0.10794537 | R34: =+L34/SUM($J34:$O34) -> 0.83454049 | S34: =+N34/SUM($J34:$O34) -> 0.00032709585 | T34: =+P34*C34/1000/60/24.3*2*96485/-1/G34 -> 0.31790812 | U34: =+Q34*C34/1000/60/24.3*2*96485/-1/G34 -> 0.60423286 | W34: =+T34+U34 -> 0.92214098 | X34: =+K34/(K34+L34) -> 0.11453261
A35: Ag60 GDE in PTFE holder | B35: 60 | C35: =+'Flow rate'!E34 -> 65.025601 | D35: 0.3 M Na2SO4 | E35: 0.05 M H2SO4 | F35: CCM-CEM | G35: -1.52 | H35: 45409.07 | I35: =+(H35-H$2)*24 -> 11.65 | J35: 5.8786179 | K35: 10.968263 | L35: 85.035694 | N35: 0.032883536 | O35: 0.038319149 | P35: =+J35/SUM($J35:$O35) -> 0.057659638 | Q35: =+K35/SUM($J35:$O35) -> 0.10758074 | R35: =+L35/SUM($J35:$O35) -> 0.83406124 | S35: =+N35/SUM($J35:$O35) -> 0.00032253377 | T35: =+P35*C35/1000/60/24.3*2*96485/-1/G35 -> 0.32647127 | U35: =+Q35*C35/1000/60/24.3*2*96485/-1/G35 -> 0.60912662 | W35: =+T35+U35 -> 0.93559789 | X35: =+K35/(K35+L35) -> 0.11424803 | Y35: =+SUM(J35:L35) -> 101.88257
A36: Ag60 GDE in PTFE holder | B36: 60 | C36: =+'Flow rate'!E35 -> 69.019284 | D36: 0.3 M Na2SO4 | E36: 0.05 M H2SO4 | F36: CCM-CEM | G36: -2.1 | H36: 45409.09 | I36: =+(H36-H$2)*24 -> 12.116667 | J36: 7.8511893 | K36: 11.004753 | L36: 83.097119 | N36: 0.033136834 | O36: 0.036972008 | P36: =+J36/SUM($J36:$O36) -> 0.076954963 | Q36: =+K36/SUM($J36:$O36) -> 0.10786524 | R36: =+L36/SUM($J36:$O36) -> 0.81449261 | S36: =+N36/SUM($J36:$O36) -> 0.00032479714 | T36: =+P36*C36/1000/60/24.3*2*96485/-1/G36 -> 0.33474959 | U36: =+Q36*C36/1000/60/24.3*2*96485/-1/G36 -> 0.46920749 | W36: =+T36+U36 -> 0.80395708 | X36: =+K36/(K36+L36) -> 0.11694511
A37: Ag60 GDE in PTFE holder | B37: 60 | C37: =+'Flow rate'!E36 -> 68.872149 | D37: 0.3 M Na2SO4 | E37: 0.05 M H2SO4 | F37: CCM-CEM | G37: -2.1 | H37: 45409.101 | I37: =+(H37-H$2)*24 -> 12.4 | J37: 9.8994322 | K37: 10.969064 | L37: 81.088358 | N37: 0.03978435 | O37: 0.061242784 | P37: =+J37/SUM($J37:$O37) -> 0.096998214 | Q37: =+K37/SUM($J37:$O37) -> 0.10747885 | R37: =+L37/SUM($J37:$O37) -> 0.79453304 | S37: =+N37/SUM($J37:$O37) -> 0.00038982144 | T37: =+P37*C37/1000/60/24.3*2*96485/-1/G37 -> 0.42103709 | U37: =+Q37*C37/1000/60/24.3*2*96485/-1/G37 -> 0.46653005 | W37: =+T37+U37 -> 0.88756714 | X37: =+K37/(K37+L37) -> 0.11915458 | Y37: =+SUM(J37:L37) -> 101.95685
A38: Ag60 GDE in PTFE holder | B38: 60 | C38: =+'Flow rate'!E37 -> 67.477881 | D38: 0.3 M Na2SO4 | E38: 0.05 M H2SO4 | F38: CCM-CEM | G38: -2.1 | H38: 45409.113 | I38: =+(H38-H$2)*24 -> 12.683333 | J38: 10.233072 | K38: 10.892867 | L38: 80.821819 | N38: 0.033755022 | O38: 0.038293403 | P38: =+J38/SUM($J38:$O38) -> 0.10030476 | Q38: =+K38/SUM($J38:$O38) -> 0.10677208 | R38: =+L38/SUM($J38:$O38) -> 0.79221694 | S38: =+N38/SUM($J38:$O38) -> 0.00033086734 | T38: =+P38*C38/1000/60/24.3*2*96485/-1/G38 -> 0.42657556 | U38: =+Q38*C38/1000/60/24.3*2*96485/-1/G38 -> 0.45407973 | W38: =+T38+U38 -> 0.88065529 | X38: =+K38/(K38+L38) -> 0.11876906
A39: Ag60 GDE in PTFE holder | B39: 60 | C39: =+'Flow rate'!E38 -> 67.786168 | D39: 0.3 M Na2SO4 | E39: 0.05 M H2SO4 | F39: CCM-CEM | G39: -2.1 | H39: 45409.138 | I39: =+(H39-H$2)*24 -> 13.283333 | J39: 10.52656 | K39: 10.80432 | L39: 80.625297 | N39: 0.03345246 | O39: 0.037476177 | P39: =+J39/SUM($J39:$O39) -> 0.10317416 | Q39: =+K39/SUM($J39:$O39) -> 0.10589656 | R39: =+L39/SUM($J39:$O39) -> 0.79023409 | S39: =+N39/SUM($J39:$O39) -> 0.00032787816 | T39: =+P39*C39/1000/60/24.3*2*96485/-1/G39 -> 0.44078315 | U39: =+Q39*C39/1000/60/24.3*2*96485/-1/G39 -> 0.45241389 | W39: =+T39+U39 -> 0.89319704 | X39: =+K39/(K39+L39) -> 0.1181709 | Y39: =+SUM(J39:L39) -> 101.95618
A40: Ag60 GDE in PTFE holder | B40: 60 | C40: =+'Flow rate'!E39 -> 67.263091 | D40: 0.3 M Na2SO4 | E40: 0.05 M H2SO4 | F40: CCM-CEM | G40: -2.1 | H40: 45409.15 | I40: =+(H40-H$2)*24 -> 13.566667 | J40: 10.646606 | K40: 10.707494 | L40: 80.59198 | N40: 0.040034215 | O40: 0.061883294 | P40: =+J40/SUM($J40:$O40) -> 0.1043294 | Q40: =+K40/SUM($J40:$O40) -> 0.10492605 | R40: =+L40/SUM($J40:$O40) -> 0.78974583 | S40: =+N40/SUM($J40:$O40) -> 0.0003923077 | T40: =+P40*C40/1000/60/24.3*2*96485/-1/G40 -> 0.44227918 | U40: =+Q40*C40/1000/60/24.3*2*96485/-1/G40 -> 0.44480856 | W40: =+T40+U40 -> 0.88708775 | X40: =+K40/(K40+L40) -> 0.11727881
A41: Ag60 GDE in PTFE holder | B41: 60 | C41: =+'Flow rate'!E40 -> 77.032233 | D41: 0.3 M Na2SO4 | E41: 0.05 M H2SO4 | F41: CCM-CEM | G41: -3.1 | H41: 45409.175 | I41: =+(H41-H$2)*24 -> 14.166667 | J41: 16.435594 | K41: 10.082024 | L41: 75.461493 | N41: 0.03372336 | O41: 0.028147888 | P41: =+J41/SUM($J41:$O41) -> 0.16106856 | Q41: =+K41/SUM($J41:$O41) -> 0.09880367 | R41: =+L41/SUM($J41:$O41) -> 0.73952143 | S41: =+N41/SUM($J41:$O41) -> 0.00033048839 | T41: =+P41*C41/1000/60/24.3*2*96485/-1/G41 -> 0.52972911 | U41: =+Q41*C41/1000/60/24.3*2*96485/-1/G41 -> 0.3249497 | W41: =+T41+U41 -> 0.85467881 | X41: =+K41/(K41+L41) -> 0.11785842 | Y41: =+SUM(J41:L41) -> 101.97911
A42: Ag60 GDE in PTFE holder | B42: 60 | C42: =+'Flow rate'!E41 -> 77.296258 | D42: 0.3 M Na2SO4 | E42: 0.05 M H2SO4 | F42: CCM-CEM | G42: -3.1 | H42: 45409.187 | I42: =+(H42-H$2)*24 -> 14.45 | J42: 18.569876 | K42: 9.8879534 | L42: 73.557217 | N42: 0.04017116 | O42: 0.058542534 | P42: =+J42/SUM($J42:$O42) -> 0.18185479 | Q42: =+K42/SUM($J42:$O42) -> 0.096832723 | R42: =+L42/SUM($J42:$O42) -> 0.72034579 | S42: =+N42/SUM($J42:$O42) -> 0.00039339615 | T42: =+P42*C42/1000/60/24.3*2*96485/-1/G42 -> 0.60014168 | U42: =+Q42*C42/1000/60/24.3*2*96485/-1/G42 -> 0.3195591 | W42: =+T42+U42 -> 0.91970078 | X42: =+K42/(K42+L42) -> 0.11849641
A43: Ag60 GDE in PTFE holder | B43: 60 | C43: =+'Flow rate'!E42 -> 76.710099 | D43: 0.3 M Na2SO4 | E43: 0.05 M H2SO4 | F43: CCM-CEM | G43: -3.1 | H43: 45409.199 | I43: =+(H43-H$2)*24 -> 14.733333 | J43: 18.819289 | K43: 9.9779978 | L43: 73.230433 | N43: 0.034417493 | O43: 0.029786202 | P43: =+J43/SUM($J43:$O43) -> 0.18433671 | Q43: =+K43/SUM($J43:$O43) -> 0.097735429 | R43: =+L43/SUM($J43:$O43) -> 0.71729898 | S43: =+N43/SUM($J43:$O43) -> 0.00033712259 | T43: =+P43*C43/1000/60/24.3*2*96485/-1/G43 -> 0.60371914 | U43: =+Q43*C43/1000/60/24.3*2*96485/-1/G43 -> 0.32009224 | W43: =+T43+U43 -> 0.92381138 | X43: =+K43/(K43+L43) -> 0.11991571 | Y43: =+SUM(J43:L43) -> 102.02772
A44: Ag60 GDE in PTFE holder | B44: 60 | C44: =+'Flow rate'!E43 -> 75.915872 | D44: 0.3 M Na2SO4 | E44: 0.05 M H2SO4 | F44: CCM-CEM | G44: -3.1 | H44: 45409.224 | I44: =+(H44-H$2)*24 -> 15.333333 | J44: 19.182324 | K44: 9.9110715 | L44: 72.930968 | N44: 0.034598721 | O44: 0.037742656 | P44: =+J44/SUM($J44:$O44) -> 0.18788387 | Q44: =+K44/SUM($J44:$O44) -> 0.097075332 | R44: =+L44/SUM($J44:$O44) -> 0.71433224 | S44: =+N44/SUM($J44:$O44) -> 0.00033888186 | T44: =+P44*C44/1000/60/24.3*2*96485/-1/G44 -> 0.60896545 | U44: =+Q44*C44/1000/60/24.3*2*96485/-1/G44 -> 0.31463864 | W44: =+T44+U44 -> 0.92360409 | X44: =+K44/(K44+L44) -> 0.11963819
A45: Ag60 GDE in PTFE holder | B45: 60 | C45: =+'Flow rate'!E44 -> 75.745279 | D45: 0.3 M Na2SO4 | E45: 0.05 M H2SO4 | F45: CCM-CEM | G45: -3.1 | H45: 45409.235 | I45: =+(H45-H$2)*24 -> 15.616667 | J45: 19.306412 | K45: 9.8719028 | L45: 72.820696 | N45: 0.041311 | O45: 0.060591976 | P45: =+J45/SUM($J45:$O45) -> 0.18909147 | Q45: =+K45/SUM($J45:$O45) -> 0.096687703 | R45: =+L45/SUM($J45:$O45) -> 0.71322277 | S45: =+N45/SUM($J45:$O45) -> 0.0004046095 | T45: =+P45*C45/1000/60/24.3*2*96485/-1/G45 -> 0.61150229 | U45: =+Q45*C45/1000/60/24.3*2*96485/-1/G45 -> 0.31267805 | W45: =+T45+U45 -> 0.92418034 | X45: =+K45/(K45+L45) -> 0.11938073 | Y45: =+SUM(J45:L45) -> 101.99901
A46: Ag60 GDE in PTFE holder | B46: 60 | C46: =+'Flow rate'!E45 -> 75.709031 | D46: 0.3 M Na2SO4 | E46: 0.05 M H2SO4 | F46: CCM-CEM | G46: -3.1 | H46: 45409.247 | I46: =+(H46-H$2)*24 -> 15.9 | J46: 19.459584 | K46: 9.7799476 | L46: 72.788452 | N46: 0.034569162 | O46: 0.030656092 | P46: =+J46/SUM($J46:$O46) -> 0.19060606 | Q46: =+K46/SUM($J46:$O46) -> 0.095794301 | R46: =+L46/SUM($J46:$O46) -> 0.71296076 | S46: =+N46/SUM($J46:$O46) -> 0.00033860393 | T46: =+P46*C46/1000/60/24.3*2*96485/-1/G46 -> 0.61610533 | U46: =+Q46*C46/1000/60/24.3*2*96485/-1/G46 -> 0.30964063 | W46: =+T46+U46 -> 0.92574595 | X46: =+K46/(K46+L46) -> 0.11844662
A47: Ag60 GDE in PTFE holder | B47: 60 | C47: =+'Flow rate'!E46 -> 60.425986 | D47: 0.3 M Na2SO4 | E47: 0.05 M H2SO4 | F47: CCM-CEM | G47: -0.5 | H47: 45409.348 | I47: =+(H47-H$2)*24 -> 18.316667 | J47: 0.62479979 | K47: 6.1540679 | L47: 95.540697 | N47: 0.037339495 | O47: 0.063625414 | P47: =+J47/SUM($J47:$O47) -> 0.0061003375 | Q47: =+K47/SUM($J47:$O47) -> 0.060086273 | R47: =+L47/SUM($J47:$O47) -> 0.9328276 | S47: =+N47/SUM($J47:$O47) -> 0.00036457042 | T47: =+P47*C47/1000/60/24.3*2*96485/-1/G47 -> 0.097575296 | U47: =+Q47*C47/1000/60/24.3*2*96485/-1/G47 -> 0.96108385 | W47: =+T47+U47 -> 1.0586591 | X47: =+K47/(K47+L47) -> 0.060515091 | Y47: =+SUM(J47:L47) -> 102.31956
A48: Ag60 GDE in PTFE holder | B48: 60 | C48: =+'Flow rate'!E47 -> 60.566467 | D48: 0.3 M Na2SO4 | E48: 0.05 M H2SO4 | F48: CCM-CEM | G48: -0.5 | H48: 45409.373 | I48: =+(H48-H$2)*24 -> 18.916667 | J48: 0.60639462 | K48: 6.1146398 | L48: 95.20134 | N48: 0.030680688 | O48: 0.032716184 | P48: =+J48/SUM($J48:$O48) -> 0.0059458748 | Q48: =+K48/SUM($J48:$O48) -> 0.059955813 | R48: =+L48/SUM($J48:$O48) -> 0.93347669 | S48: =+N48/SUM($J48:$O48) -> 0.00030083302 | T48: =+P48*C48/1000/60/24.3*2*96485/-1/G48 -> 0.095325758 | U48: =+Q48*C48/1000/60/24.3*2*96485/-1/G48 -> 0.96122665 | W48: =+T48+U48 -> 1.0565524 | X48: =+K48/(K48+L48) -> 0.060352175
A49: Ag60 GDE in PTFE holder | B49: 60 | C49: =+'Flow rate'!E48 -> 30.760761 | D49: 0.3 M Na2SO4 | E49: 0.05 M H2SO4 | F49: CCM-CEM | G49: -0.5 | H49: 45409.385 | I49: =+(H49-H$2)*24 -> 19.2 | J49: 0.65193982 | K49: 6.2590151 | L49: 94.864785 | N49: 0.042913374 | O49: 0.074241743 | P49: =+J49/SUM($J49:$O49) -> 0.0063982854 | Q49: =+K49/SUM($J49:$O49) -> 0.061427395 | R49: =+L49/SUM($J49:$O49) -> 0.93102453 | S49: =+N49/SUM($J49:$O49) -> 0.00042116159 | T49: =+P49*C49/1000/60/24.3*2*96485/-1/G49 -> 0.052098228 | U49: =+Q49*C49/1000/60/24.3*2*96485/-1/G49 -> 0.50017438 | W49: =+T49+U49 -> 0.55227261 | X49: =+K49/(K49+L49) -> 0.06189458 | Y49: =+SUM(J49:L49) -> 101.77574
A50: Ag60 GDE in PTFE holder | B50: 60 | C50: =+'Flow rate'!E49 -> 30.530063 | D50: 0.3 M Na2SO4 | E50: 0.05 M H2SO4 | F50: CCM-CEM | G50: -0.5 | H50: 45409.408 | I50: =+(H50-H$2)*24 -> 19.766667 | J50: 1.4363058 | K50: 10.936358 | L50: 89.560401 | N50: 0.061225205 | O50: 0.092826462 | P50: =+J50/SUM($J50:$O50) -> 0.014069413 | Q50: =+K50/SUM($J50:$O50) -> 0.1071277 | R50: =+L50/SUM($J50:$O50) -> 0.87729387 | S50: =+N50/SUM($J50:$O50) -> 0.00059973489 | T50: =+P50*C50/1000/60/24.3*2*96485/-1/G50 -> 0.11370143 | U50: =+Q50*C50/1000/60/24.3*2*96485/-1/G50 -> 0.86574849 | W50: =+T50+U50 -> 0.97944992 | X50: =+K50/(K50+L50) -> 0.10882299
A51: Ag60 GDE in PTFE holder | B51: 60 | C51: =+'Flow rate'!E50 -> 30.469186 | D51: 0.3 M Na2SO4 | E51: 0.05 M H2SO4 | F51: CCM-CEM | G51: -0.5 | H51: 45409.432 | I51: =+(H51-H$2)*24 -> 20.333333 | J51: 1.4911251 | K51: 11.418325 | L51: 88.826565 | N51: 0.066410834 | O51: 0.0988278 | P51: =+J51/SUM($J51:$O51) -> 0.01463304 | Q51: =+K51/SUM($J51:$O51) -> 0.11205284 | R51: =+L51/SUM($J51:$O51) -> 0.87169256 | S51: =+N51/SUM($J51:$O51) -> 0.00065171754 | T51: =+P51*C51/1000/60/24.3*2*96485/-1/G51 -> 0.11802056 | U51: =+Q51*C51/1000/60/24.3*2*96485/-1/G51 -> 0.90374516 | W51: =+T51+U51 -> 1.0217657 | X51: =+K51/(K51+L51) -> 0.11390431 | Y51: =+SUM(J51:L51) -> 101.73601
A52: Ag60 GDE in PTFE holder | B52: 60 | C52: =+'Flow rate'!E51 -> 30.615581 | D52: 0.3 M Na2SO4 | E52: 0.05 M H2SO4 | F52: CCM-CEM | G52: -0.5 | H52: 45409.456 | I52: =+(H52-H$2)*24 -> 20.9 | J52: 1.4987214 | K52: 11.478953 | L52: 88.737753 | N52: 0.066332122 | O52: 0.097483116 | P52: =+J52/SUM($J52:$O52) -> 0.014710763 | Q52: =+K52/SUM($J52:$O52) -> 0.11267215 | R52: =+L52/SUM($J52:$O52) -> 0.87100915 | S52: =+N52/SUM($J52:$O52) -> 0.00065108574 | T52: =+P52*C52/1000/60/24.3*2*96485/-1/G52 -> 0.11921749 | U52: =+Q52*C52/1000/60/24.3*2*96485/-1/G52 -> 0.91310634 | W52: =+T52+U52 -> 1.0323238 | X52: =+K52/(K52+L52) -> 0.11454132
A53: Ag60 GDE in PTFE holder | B53: 60 | C53: =+'Flow rate'!E52 -> 31.10239 | D53: 0.3 M Na2SO4 | E53: 0.05 M H2SO4 | F53: CCM-CEM | G53: -0.5 | H53: 45409.479 | I53: =+(H53-H$2)*24 -> 21.466667 | J53: 1.4744043 | K53: 11.556847 | L53: 88.618806 | N53: 0.065484548 | O53: 0.094992467 | P53: =+J53/SUM($J53:$O53) -> 0.014481844 | Q53: =+K53/SUM($J53:$O53) -> 0.11351327 | R53: =+L53/SUM($J53:$O53) -> 0.87042865 | S53: =+N53/SUM($J53:$O53) -> 0.00064320012 | T53: =+P53*C53/1000/60/24.3*2*96485/-1/G53 -> 0.11922845 | U53: =+Q53*C53/1000/60/24.3*2*96485/-1/G53 -> 0.93455028 | W53: =+T53+U53 -> 1.0537787 | X53: =+K53/(K53+L53) -> 0.11536583 | Y53: =+SUM(J53:L53) -> 101.65006
A54: Ag60 GDE in PTFE holder | B54: 60 | C54: =+'Flow rate'!E53 -> 31.229063 | D54: 0.3 M Na2SO4 | E54: 0.05 M H2SO4 | F54: CCM-CEM | G54: -0.5 | H54: 45409.503 | I54: =+(H54-H$2)*24 -> 22.033333 | J54: 1.4658986 | K54: 11.544599 | L54: 88.669765 | N54: 0.066084359 | O54: 0.097671302 | P54: =+J54/SUM($J54:$O54) -> 0.014393566 | Q54: =+K54/SUM($J54:$O54) -> 0.11335569 | R54: =+L54/SUM($J54:$O54) -> 0.87064284 | S54: =+N54/SUM($J54:$O54) -> 0.00064887816 | T54: =+P54*C54/1000/60/24.3*2*96485/-1/G54 -> 0.11898429 | U54: =+Q54*C54/1000/60/24.3*2*96485/-1/G54 -> 0.93705385 | W54: =+T54+U54 -> 1.0560381 | X54: =+K54/(K54+L54) -> 0.11519904
A55: Ag60 GDE in PTFE holder | B55: 60 | C55: =+'Flow rate'!E54 -> 30.648299 | D55: 0.3 M Na2SO4 | E55: 0.05 M H2SO4 | F55: CCM-CEM | G55: -0.5 | H55: 45409.526 | I55: =+(H55-H$2)*24 -> 22.6 | J55: 1.4693671 | K55: 11.554934 | L55: 88.693277 | N55: 0.06491175 | O55: 0.093434788 | P55: =+J55/SUM($J55:$O55) -> 0.014423105 | Q55: =+K55/SUM($J55:$O55) -> 0.11342164 | R55: =+L55/SUM($J55:$O55) -> 0.87060095 | S55: =+N55/SUM($J55:$O55) -> 0.00063716477 | T55: =+P55*C55/1000/60/24.3*2*96485/-1/G55 -> 0.11701119 | U55: =+Q55*C55/1000/60/24.3*2*96485/-1/G55 -> 0.92016255 | W55: =+T55+U55 -> 1.0371737 | X55: =+K55/(K55+L55) -> 0.11526325 | Y55: =+SUM(J55:L55) -> 101.71758
A56: Ag60 GDE in PTFE holder | B56: 60 | C56: =+'Flow rate'!E55 -> 21.45243 | D56: 0.3 M Na2SO4 | E56: 0.05 M H2SO4 | F56: CCM-CEM | G56: -0.5 | H56: 45409.55 | I56: =+(H56-H$2)*24 -> 23.166667 | J56: 1.4855212 | K56: 11.693047 | L56: 88.50861 | N56: 0.068417621 | O56: 0.098409415 | P56: =+J56/SUM($J56:$O56) -> 0.014584809 | Q56: =+K56/SUM($J56:$O56) -> 0.11480203 | R56: =+L56/SUM($J56:$O56) -> 0.86897526 | S56: =+N56/SUM($J56:$O56) -> 0.00067172244 | T56: =+P56*C56/1000/60/24.3*2*96485/-1/G56 -> 0.082820814 | U56: =+Q56*C56/1000/60/24.3*2*96485/-1/G56 -> 0.65191104 | W56: =+T56+U56 -> 0.73473185 | X56: =+K56/(K56+L56) -> 0.11669514
A57: Ag60 GDE in PTFE holder | B57: 60 | C57: =+'Flow rate'!E56 -> 21.175016 | D57: 0.3 M Na2SO4 | E57: 0.05 M H2SO4 | F57: CCM-CEM | G57: -0.5 | H57: 45409.574 | I57: =+(H57-H$2)*24 -> 23.733333 | J57: 2.4244869 | K57: 14.944941 | L57: 84.364168 | N57: 0.084355894 | O57: 0.1168496 | P57: =+J57/SUM($J57:$O57) -> 0.023784683 | Q57: =+K57/SUM($J57:$O57) -> 0.14661274 | R57: =+L57/SUM($J57:$O57) -> 0.82762871 | S57: =+N57/SUM($J57:$O57) -> 0.00082754754 | T57: =+P57*C57/1000/60/24.3*2*96485/-1/G57 -> 0.13331634 | U57: =+Q57*C57/1000/60/24.3*2*96485/-1/G57 -> 0.8217841 | W57: =+T57+U57 -> 0.95510044 | X57: =+K57/(K57+L57) -> 0.15048912 | Y57: =+SUM(J57:L57) -> 101.7336
A58: Ag60 GDE in PTFE holder | B58: 60 | C58: =+'Flow rate'!E57 -> 21.065227 | D58: 0.3 M Na2SO4 | E58: 0.05 M H2SO4 | F58: CCM-CEM | G58: -0.5 | H58: 45409.597 | I58: =+(H58-H$2)*24 -> 24.3 | J58: 2.7678322 | K58: 15.671778 | L58: 83.28469 | N58: 0.089271729 | O58: 0.12150813 | P58: =+J58/SUM($J58:$O58) -> 0.027152892 | Q58: =+K58/SUM($J58:$O58) -> 0.15374273 | R58: =+L58/SUM($J58:$O58) -> 0.81703659 | S58: =+N58/SUM($J58:$O58) -> 0.00087577044 | T58: =+P58*C58/1000/60/24.3*2*96485/-1/G58 -> 0.15140649 | U58: =+Q58*C58/1000/60/24.3*2*96485/-1/G58 -> 0.85728062 | W58: =+T58+U58 -> 1.0086871 | X58: =+K58/(K58+L58) -> 0.15837042
A59: Ag60 GDE in PTFE holder | B59: 60 | C59: =+'Flow rate'!E58 -> 21.192696 | D59: 0.3 M Na2SO4 | E59: 0.05 M H2SO4 | F59: CCM-CEM | G59: -0.5 | H59: 45409.621 | I59: =+(H59-H$2)*24 -> 24.866667 | J59: 2.8813558 | K59: 15.827871 | L59: 83.052332 | N59: 0.091008944 | O59: 0.1247411 | P59: =+J59/SUM($J59:$O59) -> 0.028254872 | Q59: =+K59/SUM($J59:$O59) -> 0.15520974 | R59: =+L59/SUM($J59:$O59) -> 0.81441972 | S59: =+N59/SUM($J59:$O59) -> 0.00089244309 | T59: =+P59*C59/1000/60/24.3*2*96485/-1/G59 -> 0.15850458 | U59: =+Q59*C59/1000/60/24.3*2*96485/-1/G59 -> 0.87069779 | W59: =+T59+U59 -> 1.0292024 | X59: =+K59/(K59+L59) -> 0.16007119 | Y59: =+SUM(J59:L59) -> 101.76156
A60: Ag60 GDE in PTFE holder | B60: 60 | C60: =+'Flow rate'!E59 -> 20.91163 | D60: 0.3 M Na2SO4 | E60: 0.05 M H2SO4 | F60: CCM-CEM | G60: -0.5 | H60: 45409.656 | I60: =+(H60-H$2)*24 -> 25.716667 | J60: 2.9560926 | K60: 15.934372 | L60: 82.873784 | N60: 0.094560427 | O60: 0.12284953 | P60: =+J60/SUM($J60:$O60) -> 0.028986513 | Q60: =+K60/SUM($J60:$O60) -> 0.15624743 | R60: =+L60/SUM($J60:$O60) -> 0.8126342 | S60: =+N60/SUM($J60:$O60) -> 0.00092722974 | T60: =+P60*C60/1000/60/24.3*2*96485/-1/G60 -> 0.16045237 | U60: =+Q60*C60/1000/60/24.3*2*96485/-1/G60 -> 0.86489432 | W60: =+T60+U60 -> 1.0253467 | X60: =+K60/(K60+L60) -> 0.16126576
A61: Ag60 GDE in PTFE holder | B61: 60 | C61: =+'Flow rate'!E60 -> 16.78532 | D61: 0.3 M Na2SO4 | E61: 0.05 M H2SO4 | F61: CCM-CEM | G61: -0.5 | H61: 45409.68 | I61: =+(H61-H$2)*24 -> 26.283333 | J61: 3.3700065 | K61: 16.815218 | L61: 81.567723 | N61: 0.10033247 | O61: 0.13398056 | P61: =+J61/SUM($J61:$O61) -> 0.033043407 | Q61: =+K61/SUM($J61:$O61) -> 0.16487567 | R61: =+L61/SUM($J61:$O61) -> 0.79978345 | S61: =+N61/SUM($J61:$O61) -> 0.00098377454 | T61: =+P61*C61/1000/60/24.3*2*96485/-1/G61 -> 0.14681712 | U61: =+Q61*C61/1000/60/24.3*2*96485/-1/G61 -> 0.73256889 | W61: =+T61+U61 -> 0.87938601 | X61: =+K61/(K61+L61) -> 0.17091599 | Y61: =+SUM(J61:L61) -> 101.75295
A62: Ag60 GDE in PTFE holder | B62: 60 | C62: =+'Flow rate'!E61 -> 16.235078 | D62: 0.3 M Na2SO4 | E62: 0.05 M H2SO4 | F62: CCM-CEM | G62: -0.5 | H62: 45409.703 | I62: =+(H62-H$2)*24 -> 26.85 | J62: 4.3560088 | K62: 18.521029 | L62: 78.86048 | N62: 0.10903128 | O62: 0.14217646 | P62: =+J62/SUM($J62:$O62) -> 0.04271069 | Q62: =+K62/SUM($J62:$O62) -> 0.18159879 | R62: =+L62/SUM($J62:$O62) -> 0.77322742 | S62: =+N62/SUM($J62:$O62) -> 0.0010690523 | T62: =+P62*C62/1000/60/24.3*2*96485/-1/G62 -> 0.18354951 | U62: =+Q62*C62/1000/60/24.3*2*96485/-1/G62 -> 0.78042218 | W62: =+T62+U62 -> 0.96397169 | X62: =+K62/(K62+L62) -> 0.19019041
A63: Ag60 GDE in PTFE holder | B63: 60 | C63: =+'Flow rate'!E62 -> 16.136805 | D63: 0.3 M Na2SO4 | E63: 0.05 M H2SO4 | F63: CCM-CEM | G63: -0.5 | H63: 45409.727 | I63: =+(H63-H$2)*24 -> 27.416667 | J63: 4.7356237 | K63: 19.050475 | L63: 77.967972 | N63: 0.11216617 | O63: 0.14664821 | P63: =+J63/SUM($J63:$O63) -> 0.046421819 | Q63: =+K63/SUM($J63:$O63) -> 0.18674577 | R63: =+L63/SUM($J63:$O63) -> 0.76429533 | S63: =+N63/SUM($J63:$O63) -> 0.0010995294 | T63: =+P63*C63/1000/60/24.3*2*96485/-1/G63 -> 0.19829053 | U63: =+Q63*C63/1000/60/24.3*2*96485/-1/G63 -> 0.79768349 | W63: =+T63+U63 -> 0.99597402 | X63: =+K63/(K63+L63) -> 0.19635931 | Y63: =+SUM(J63:L63) -> 101.75407
A64: Ag60 GDE in PTFE holder | B64: 60 | C64: =+'Flow rate'!E63 -> 15.675128 | D64: 0.3 M Na2SO4 | E64: 0.05 M H2SO4 | F64: CCM-CEM | G64: -0.5 | H64: 45409.751 | I64: =+(H64-H$2)*24 -> 27.983333 | J64: 4.8789903 | K64: 19.362395 | L64: 77.728181 | N64: 0.11295042 | O64: 0.14456927 | P64: =+J64/SUM($J64:$O64) -> 0.047726982 | Q64: =+K64/SUM($J64:$O64) -> 0.18940572 | R64: =+L64/SUM($J64:$O64) -> 0.7603482 | S64: =+N64/SUM($J64:$O64) -> 0.0011048972 | T64: =+P64*C64/1000/60/24.3*2*96485/-1/G64 -> 0.1980329 | U64: =+Q64*C64/1000/60/24.3*2*96485/-1/G64 -> 0.78589849 | W64: =+T64+U64 -> 0.98393138 | X64: =+K64/(K64+L64) -> 0.1994261
A65: Ag60 GDE in PTFE holder | B65: 60 | C65: =+'Flow rate'!E64 -> 16.468088 | D65: 0.3 M Na2SO4 | E65: 0.05 M H2SO4 | F65: CCM-CEM | G65: -0.5 | H65: 45409.762 | I65: =+(H65-H$2)*24 -> 28.266667 | J65: 4.9368719 | K65: 19.402392 | L65: 77.61678 | N65: 0.1115575 | O65: 0.13792052 | P65: =+J65/SUM($J65:$O65) -> 0.048303377 | Q65: =+K65/SUM($J65:$O65) -> 0.18983702 | R65: =+L65/SUM($J65:$O65) -> 0.75941866 | S65: =+N65/SUM($J65:$O65) -> 0.0010915017 | T65: =+P65*C65/1000/60/24.3*2*96485/-1/G65 -> 0.21056343 | U65: =+Q65*C65/1000/60/24.3*2*96485/-1/G65 -> 0.82753497 | W65: =+T65+U65 -> 1.0380984 | X65: =+K65/(K65+L65) -> 0.19998513 | Y65: =+SUM(J65:L65) -> 101.95604
A66: Ag60 GDE in PTFE holder | B66: 60 | C66: =+'Flow rate'!E65 -> 15.79685 | D66: 0.3 M Na2SO4 | E66: 0.05 M H2SO4 | F66: CCM-CEM | G66: -0.5 | H66: 45409.774 | I66: =+(H66-H$2)*24 -> 28.55 | J66: 4.9570077 | K66: 19.448332 | L66: 77.53353 | N66: 0.11374773 | O66: 0.144845 | P66: =+J66/SUM($J66:$O66) -> 0.048504215 | Q66: =+K66/SUM($J66:$O66) -> 0.19030152 | R66: =+L66/SUM($J66:$O66) -> 0.75866394 | S66: =+N66/SUM($J66:$O66) -> 0.0011130191 | T66: =+P66*C66/1000/60/24.3*2*96485/-1/G66 -> 0.20282068 | U66: =+Q66*C66/1000/60/24.3*2*96485/-1/G66 -> 0.79574701 | W66: =+T66+U66 -> 0.99856769 | X66: =+K66/(K66+L66) -> 0.20053577
A67: Ag60 GDE in PTFE holder | B67: 60 | C67: =+'Flow rate'!E66 -> 15.695599 | D67: 0.3 M Na2SO4 | E67: 0.05 M H2SO4 | F67: CCM-CEM | G67: -0.5 | H67: 45409.786 | I67: =+(H67-H$2)*24 -> 28.833333 | J67: 4.9915539 | K67: 19.49568 | L67: 77.504794 | N67: 0.11412779 | O67: 0.14476612 | P67: =+J67/SUM($J67:$O67) -> 0.048816713 | Q67: =+K67/SUM($J67:$O67) -> 0.19066508 | R67: =+L67/SUM($J67:$O67) -> 0.75798626 | S67: =+N67/SUM($J67:$O67) -> 0.0011161541 | T67: =+P67*C67/1000/60/24.3*2*96485/-1/G67 -> 0.20281903 | U67: =+Q67*C67/1000/60/24.3*2*96485/-1/G67 -> 0.7921571 | W67: =+T67+U67 -> 0.99497613 | X67: =+K67/(K67+L67) -> 0.20098541 | Y67: =+SUM(J67:L67) -> 101.99203
A68: Ag60 GDE in PTFE holder | B68: 60 | C68: =+'Flow rate'!E67 -> 15.461679 | D68: 0.3 M Na2SO4 | E68: 0.05 M H2SO4 | F68: CCM-CEM | G68: -0.5 | H68: 45409.811 | I68: =+(H68-H$2)*24 -> 29.433333 | J68: 5.0781738 | K68: 19.539298 | L68: 77.430837 | N68: 0.10727712 | O68: 0.12075258 | P68: =+J68/SUM($J68:$O68) -> 0.049651502 | Q68: =+K68/SUM($J68:$O68) -> 0.19104417 | R68: =+L68/SUM($J68:$O68) -> 0.75707479 | S68: =+N68/SUM($J68:$O68) -> 0.0010488948 | T68: =+P68*C68/1000/60/24.3*2*96485/-1/G68 -> 0.20321292 | U68: =+Q68*C68/1000/60/24.3*2*96485/-1/G68 -> 0.78190268 | W68: =+T68+U68 -> 0.98511559 | X68: =+K68/(K68+L68) -> 0.2014981
A69: Ag60 GDE in PTFE holder | B69: 60 | C69: =+'Flow rate'!E68 -> 15.563839 | D69: 0.3 M Na2SO4 | E69: 0.05 M H2SO4 | F69: CCM-CEM | G69: -0.5 | H69: 45409.823 | I69: =+(H69-H$2)*24 -> 29.716667 | J69: 5.0953515 | K69: 19.534526 | L69: 77.36952 | N69: 0.1204392 | O69: 0.15932007 | P69: =+J69/SUM($J69:$O69) -> 0.049818083 | Q69: =+K69/SUM($J69:$O69) -> 0.19099225 | R69: =+L69/SUM($J69:$O69) -> 0.75645442 | S69: =+N69/SUM($J69:$O69) -> 0.0011775537 | T69: =+P69*C69/1000/60/24.3*2*96485/-1/G69 -> 0.20524189 | U69: =+Q69*C69/1000/60/24.3*2*96485/-1/G69 -> 0.78685505 | W69: =+T69+U69 -> 0.99209694 | X69: =+K69/(K69+L69) -> 0.20158628 | Y69: =+SUM(J69:L69) -> 101.9994
A70: Ag60 GDE in PTFE holder | B70: 60 | C70: =+'Flow rate'!E69 -> 15.456574 | D70: 0.3 M Na2SO4 | E70: 0.05 M H2SO4 | F70: CCM-CEM | G70: -0.5 | H70: 45409.848 | I70: =+(H70-H$2)*24 -> 30.316667 | J70: 5.1489094 | K70: 19.526026 | L70: 77.338452 | N70: 0.10916446 | O70: 0.12430832 | P70: =+J70/SUM($J70:$O70) -> 0.050357629 | Q70: =+K70/SUM($J70:$O70) -> 0.19096944 | R70: =+L70/SUM($J70:$O70) -> 0.75638951 | S70: =+N70/SUM($J70:$O70) -> 0.0010676558 | T70: =+P70*C70/1000/60/24.3*2*96485/-1/G70 -> 0.20603489 | U70: =+Q70*C70/1000/60/24.3*2*96485/-1/G70 -> 0.78133879 | W70: =+T70+U70 -> 0.98737368 | X70: =+K70/(K70+L70) -> 0.20158087
A71: Ag60 GDE in PTFE holder | B71: 60 | C71: =+'Flow rate'!E70 -> 16.005883 | D71: 0.3 M Na2SO4 | E71: 0.05 M H2SO4 | F71: CCM-CEM | G71: -0.5 | H71: 45409.86 | I71: =+(H71-H$2)*24 -> 30.6 | J71: 5.1631369 | K71: 19.500072 | L71: 77.276313 | N71: 0.11964487 | O71: 0.16587391 | P71: =+J71/SUM($J71:$O71) -> 0.050507555 | Q71: =+K71/SUM($J71:$O71) -> 0.19075631 | R71: =+L71/SUM($J71:$O71) -> 0.75594309 | S71: =+N71/SUM($J71:$O71) -> 0.0011704067 | T71: =+P71*C71/1000/60/24.3*2*96485/-1/G71 -> 0.21399235 | U71: =+Q71*C71/1000/60/24.3*2*96485/-1/G71 -> 0.80820368 | W71: =+T71+U71 -> 1.022196 | X71: =+K71/(K71+L71) -> 0.20149618 | Y71: =+SUM(J71:L71) -> 101.93952
A72: Ag60 GDE in PTFE holder | B72: 60 | C72: =+'Flow rate'!E71 -> 15.333978 | D72: 0.3 M Na2SO4 | E72: 0.05 M H2SO4 | F72: CCM-CEM | G72: -0.5 | H72: 45409.872 | I72: =+(H72-H$2)*24 -> 30.883333 | J72: 5.1940584 | K72: 19.511663 | L72: 77.267591 | N72: 0.11420672 | O72: 0.14740821 | P72: =+J72/SUM($J72:$O72) -> 0.050805127 | Q72: =+K72/SUM($J72:$O72) -> 0.19085125 | R72: =+L72/SUM($J72:$O72) -> 0.75578467 | S72: =+N72/SUM($J72:$O72) -> 0.0011171008 | T72: =+P72*C72/1000/60/24.3*2*96485/-1/G72 -> 0.20621708 | U72: =+Q72*C72/1000/60/24.3*2*96485/-1/G72 -> 0.77466173 | W72: =+T72+U72 -> 0.98087882 | X72: =+K72/(K72+L72) -> 0.20160998
A73: Ag60 GDE in PTFE holder | B73: 60 | C73: =+'Flow rate'!E72 -> 11.945359 | D73: 0.3 M Na2SO4 | E73: 0.05 M H2SO4 | F73: CCM-CEM | G73: -0.5 | H73: 45409.897 | I73: =+(H73-H$2)*24 -> 31.483333 | J73: 6.0466789 | K73: 20.189235 | L73: 75.705544 | N73: 0.12816555 | O73: 0.16742936 | P73: =+J73/SUM($J73:$O73) -> 0.059143713 | Q73: =+K73/SUM($J73:$O73) -> 0.19747474 | R73: =+L73/SUM($J73:$O73) -> 0.74049028 | S73: =+N73/SUM($J73:$O73) -> 0.0012536116 | T73: =+P73*C73/1000/60/24.3*2*96485/-1/G73 -> 0.18701225 | U73: =+Q73*C73/1000/60/24.3*2*96485/-1/G73 -> 0.62441456 | W73: =+T73+U73 -> 0.81142681 | X73: =+K73/(K73+L73) -> 0.21053529 | Y73: =+SUM(J73:L73) -> 101.94146
A74: Ag60 GDE in PTFE holder | B74: 60 | C74: =+'Flow rate'!E73 -> 12.164302 | D74: 0.3 M Na2SO4 | E74: 0.05 M H2SO4 | F74: CCM-CEM | G74: -0.5 | H74: 45409.922 | I74: =+(H74-H$2)*24 -> 32.083333 | J74: 8.3033853 | K74: 21.617404 | L74: 72.081494 | N74: 0.14083044 | O74: 0.18046378 | P74: =+J74/SUM($J74:$O74) -> 0.081148309 | Q74: =+K74/SUM($J74:$O74) -> 0.21126513 | R74: =+L74/SUM($J74:$O74) -> 0.70444658 | S74: =+N74/SUM($J74:$O74) -> 0.0013763244 | T74: =+P74*C74/1000/60/24.3*2*96485/-1/G74 -> 0.2612937 | U74: =+Q74*C74/1000/60/24.3*2*96485/-1/G74 -> 0.68026369 | W74: =+T74+U74 -> 0.94155739 | X74: =+K74/(K74+L74) -> 0.2307114
A75: Ag60 GDE in PTFE holder | B75: 60 | C75: =+'Flow rate'!E74 -> 11.912965 | D75: 0.3 M Na2SO4 | E75: 0.05 M H2SO4 | F75: CCM-CEM | G75: -0.5 | H75: 45409.933 | I75: =+(H75-H$2)*24 -> 32.366667 | J75: 8.9407246 | K75: 21.868394 | L75: 71.122983 | N75: 0.14934957 | O75: 0.20558958 | P75: =+J75/SUM($J75:$O75) -> 0.087408185 | Q75: =+K75/SUM($J75:$O75) -> 0.21379438 | R75: =+L75/SUM($J75:$O75) -> 0.69532741 | S75: =+N75/SUM($J75:$O75) -> 0.0014601025 | T75: =+P75*C75/1000/60/24.3*2*96485/-1/G75 -> 0.27563492 | U75: =+Q75*C75/1000/60/24.3*2*96485/-1/G75 -> 0.67418396 | W75: =+T75+U75 -> 0.94981888 | X75: =+K75/(K75+L75) -> 0.23516583 | Y75: =+SUM(J75:L75) -> 101.9321
A76: Ag60 GDE in PTFE holder | B76: 60 | C76: =+'Flow rate'!E75 -> 11.717135 | D76: 0.3 M Na2SO4 | E76: 0.05 M H2SO4 | F76: CCM-CEM | G76: -0.5 | H76: 45409.958 | I76: =+(H76-H$2)*24 -> 32.966667 | J76: 9.8477914 | K76: 22.03271 | L76: 70.066126 | N76: 0.14779513 | O76: 0.18955578 | P76: =+J76/SUM($J76:$O76) -> 0.096278925 | Q76: =+K76/SUM($J76:$O76) -> 0.21540725 | R76: =+L76/SUM($J76:$O76) -> 0.68501565 | S76: =+N76/SUM($J76:$O76) -> 0.001444949 | T76: =+P76*C76/1000/60/24.3*2*96485/-1/G76 -> 0.29861728 | U76: =+Q76*C76/1000/60/24.3*2*96485/-1/G76 -> 0.6681039 | W76: =+T76+U76 -> 0.96672118 | X76: =+K76/(K76+L76) -> 0.23922897
A77: Ag60 GDE in PTFE holder | B77: 60 | C77: =+'Flow rate'!E76 -> 11.429553 | D77: 0.3 M Na2SO4 | E77: 0.05 M H2SO4 | F77: CCM-CEM | G77: -0.5 | H77: 45409.983 | I77: =+(H77-H$2)*24 -> 33.566667 | J77: 10.405563 | K77: 21.977274 | L77: 69.621507 | N77: 0.14794425 | O77: 0.18661223 | P77: =+J77/SUM($J77:$O77) -> 0.1016775 | Q77: =+K77/SUM($J77:$O77) -> 0.21474995 | R77: =+L77/SUM($J77:$O77) -> 0.68030345 | S77: =+N77/SUM($J77:$O77) -> 0.0014456306 | T77: =+P77*C77/1000/60/24.3*2*96485/-1/G77 -> 0.30762127 | U77: =+Q77*C77/1000/60/24.3*2*96485/-1/G77 -> 0.64971753 | W77: =+T77+U77 -> 0.9573388 | X77: =+K77/(K77+L77) -> 0.23992976 | Y77: =+SUM(J77:L77) -> 102.00434
A78: Ag60 GDE in PTFE holder | B78: 60 | C78: =+'Flow rate'!E77 -> 11.669039 | D78: 0.3 M Na2SO4 | E78: 0.05 M H2SO4 | F78: CCM-CEM | G78: -0.5 | H78: 45409.995 | I78: =+(H78-H$2)*24 -> 33.85 | J78: 10.564095 | K78: 21.936597 | L78: 69.440417 | N78: 0.15340687 | O78: 0.20838755 | P78: =+J78/SUM($J78:$O78) -> 0.10326291 | Q78: =+K78/SUM($J78:$O78) -> 0.21442791 | R78: =+L78/SUM($J78:$O78) -> 0.67877269 | S78: =+N78/SUM($J78:$O78) -> 0.0014995358 | T78: =+P78*C78/1000/60/24.3*2*96485/-1/G78 -> 0.31896402 | U78: =+Q78*C78/1000/60/24.3*2*96485/-1/G78 -> 0.66233646 | W78: =+T78+U78 -> 0.98130048 | X78: =+K78/(K78+L78) -> 0.24006691
A79: Ag60 GDE in PTFE holder | B79: 60 | C79: =+'Flow rate'!E78 -> 11.606267 | D79: 0.3 M Na2SO4 | E79: 0.05 M H2SO4 | F79: CCM-CEM | G79: -0.5 | H79: 45410.02 | I79: =+(H79-H$2)*24 -> 34.45 | J79: 10.898841 | K79: 21.973494 | L79: 69.049966 | N79: 0.15422272 | O79: 0.19789458 | P79: =+J79/SUM($J79:$O79) -> 0.10656468 | Q79: =+K79/SUM($J79:$O79) -> 0.21484839 | R79: =+L79/SUM($J79:$O79) -> 0.67514406 | S79: =+N79/SUM($J79:$O79) -> 0.0015079305 | T79: =+P79*C79/1000/60/24.3*2*96485/-1/G79 -> 0.32739204 | U79: =+Q79*C79/1000/60/24.3*2*96485/-1/G79 -> 0.66006534 | W79: =+T79+U79 -> 0.98745738 | X79: =+K79/(K79+L79) -> 0.24140473 | Y79: =+SUM(J79:L79) -> 101.9223
A80: Ag60 GDE in PTFE holder | B80: 60 | C80: =+'Flow rate'!E79 -> 11.596106 | D80: 0.3 M Na2SO4 | E80: 0.05 M H2SO4 | F80: CCM-CEM | G80: -0.5 | H80: 45410.045 | I80: =+(H80-H$2)*24 -> 35.05 | J80: 11.112513 | K80: 22.11507 | L80: 68.760531 | N80: 0.15144149 | O80: 0.19279145 | P80: =+J80/SUM($J80:$O80) -> 0.10859238 | Q80: =+K80/SUM($J80:$O80) -> 0.21611026 | R80: =+L80/SUM($J80:$O80) -> 0.67193349 | S80: =+N80/SUM($J80:$O80) -> 0.0014798985 | T80: =+P80*C80/1000/60/24.3*2*96485/-1/G80 -> 0.33332952 | U80: =+Q80*C80/1000/60/24.3*2*96485/-1/G80 -> 0.66336083 | W80: =+T80+U80 -> 0.99669036 | X80: =+K80/(K80+L80) -> 0.24335542
A81: Ag60 GDE in PTFE holder | B81: 60 | C81: =+'Flow rate'!E80 -> 11.508275 | D81: 0.3 M Na2SO4 | E81: 0.05 M H2SO4 | F81: CCM-CEM | G81: -0.5 | H81: 45410.383 | I81: =+(H81-H$2)*24 -> 43.166667 | J81: 11.768705 | K81: 22.705175 | L81: 68.583508 | N81: 0.14999023 | O81: 0.17381456 | P81: =+J81/SUM($J81:$O81) -> 0.11383797 | Q81: =+K81/SUM($J81:$O81) -> 0.21962578 | R81: =+L81/SUM($J81:$O81) -> 0.66340411 | S81: =+N81/SUM($J81:$O81) -> 0.0014508464 | T81: =+P81*C81/1000/60/24.3*2*96485/-1/G81 -> 0.34678448 | U81: =+Q81*C81/1000/60/24.3*2*96485/-1/G81 -> 0.66904574 | W81: =+T81+U81 -> 1.0158302 | X81: =+K81/(K81+L81) -> 0.2487184 | Y81: =+SUM(J81:L81) -> 103.05739
A82: Ag60 GDE in PTFE holder | B82: 60 | C82: =+'Flow rate'!E81 -> 10.905459 | D82: 0.3 M Na2SO4 | E82: 0.05 M H2SO4 | F82: CCM-CEM | G82: -0.5 | H82: 45410.408 | I82: =+(H82-H$2)*24 -> 43.766667 | J82: 11.764339 | K82: 22.769076 | L82: 67.873114 | N82: 0.16100148 | O82: 0.20528425 | P82: =+J82/SUM($J82:$O82) -> 0.11446937 | Q82: =+K82/SUM($J82:$O82) -> 0.22154766 | R82: =+L82/SUM($J82:$O82) -> 0.66041895 | S82: =+N82/SUM($J82:$O82) -> 0.0015665766 | T82: =+P82*C82/1000/60/24.3*2*96485/-1/G82 -> 0.33044219 | U82: =+Q82*C82/1000/60/24.3*2*96485/-1/G82 -> 0.63954834 | W82: =+T82+U82 -> 0.96999053 | X82: =+K82/(K82+L82) -> 0.25119733
A83: Ag60 GDE in PTFE holder | B83: 60 | C83: =+'Flow rate'!E82 -> 11.525464 | D83: 0.3 M Na2SO4 | E83: 0.05 M H2SO4 | F83: CCM-CEM | G83: -0.5 | H83: 45410.42 | I83: =+(H83-H$2)*24 -> 44.05 | J83: 11.712633 | K83: 22.832118 | L83: 67.615112 | N83: 0.16872769 | O83: 0.23250666 | P83: =+J83/SUM($J83:$O83) -> 0.11420152 | Q83: =+K83/SUM($J83:$O83) -> 0.22261967 | R83: =+L83/SUM($J83:$O83) -> 0.65926666 | S83: =+N83/SUM($J83:$O83) -> 0.0016451432 | T83: =+P83*C83/1000/60/24.3*2*96485/-1/G83 -> 0.34841157 | U83: =+Q83*C83/1000/60/24.3*2*96485/-1/G83 -> 0.67917896 | W83: =+T83+U83 -> 1.0275905 | X83: =+K83/(K83+L83) -> 0.25243579 | Y83: =+SUM(J83:L83) -> 102.15986
A84: Ag60 GDE in PTFE holder | B84: 60 | C84: =+'Flow rate'!E83 -> 9.60959 | D84: 0.3 M Na2SO4 | E84: 0.05 M H2SO4 | F84: CCM-CEM | G84: -0.5 | H84: 45410.445 | I84: =+(H84-H$2)*24 -> 44.65 | J84: 11.932942 | K84: 22.969818 | L84: 67.243159 | N84: 0.16774376 | O84: 0.22199519 | P84: =+J84/SUM($J84:$O84) -> 0.11637846 | Q84: =+K84/SUM($J84:$O84) -> 0.22401785 | R84: =+L84/SUM($J84:$O84) -> 0.65580268 | S84: =+N84/SUM($J84:$O84) -> 0.0016359554 | T84: =+P84*C84/1000/60/24.3*2*96485/-1/G84 -> 0.29603272 | U84: =+Q84*C84/1000/60/24.3*2*96485/-1/G84 -> 0.56983583 | W84: =+T84+U84 -> 0.86586855 | X84: =+K84/(K84+L84) -> 0.25461767
A85: Ag60 GDE in PTFE holder | B85: 60 | C85: =+'Flow rate'!E84 -> 9.541607 | D85: 0.3 M Na2SO4 | E85: 0.05 M H2SO4 | F85: CCM-CEM | G85: -0.5 | H85: 45410.47 | I85: =+(H85-H$2)*24 -> 45.25 | J85: 14.281911 | K85: 23.119881 | L85: 64.729973 | N85: 0.17940133 | O85: 0.23712469 | P85: =+J85/SUM($J85:$O85) -> 0.1392701 | Q85: =+K85/SUM($J85:$O85) -> 0.2254536 | R85: =+L85/SUM($J85:$O85) -> 0.63121455 | S85: =+N85/SUM($J85:$O85) -> 0.0017494326 | T85: =+P85*C85/1000/60/24.3*2*96485/-1/G85 -> 0.35175614 | U85: =+Q85*C85/1000/60/24.3*2*96485/-1/G85 -> 0.56943081 | W85: =+T85+U85 -> 0.92118695 | X85: =+K85/(K85+L85) -> 0.26317495 | Y85: =+SUM(J85:L85) -> 102.13177
A86: Ag60 GDE in PTFE holder | B86: 60 | C86: =+'Flow rate'!E85 -> 9.718452 | D86: 0.3 M Na2SO4 | E86: 0.05 M H2SO4 | F86: CCM-CEM | G86: -0.5 | H86: 45410.482 | I86: =+(H86-H$2)*24 -> 45.533333 | J86: 15.102752 | K86: 23.162103 | L86: 63.659944 | N86: 0.2010946 | O86: 0.32069028 | P86: =+J86/SUM($J86:$O86) -> 0.14742075 | Q86: =+K86/SUM($J86:$O86) -> 0.22608956 | R86: =+L86/SUM($J86:$O86) -> 0.62139645 | S86: =+N86/SUM($J86:$O86) -> 0.0019629215 | T86: =+P86*C86/1000/60/24.3*2*96485/-1/G86 -> 0.37924334 | U86: =+Q86*C86/1000/60/24.3*2*96485/-1/G86 -> 0.58162073 | W86: =+T86+U86 -> 0.96086407 | X86: =+K86/(K86+L86) -> 0.26677675
A87: Ag60 GDE in PTFE holder | B87: 60 | C87: =+'Flow rate'!E86 -> 9.709609 | D87: 0.3 M Na2SO4 | E87: 0.05 M H2SO4 | F87: CCM-CEM | G87: -0.5 | H87: 45410.507 | I87: =+(H87-H$2)*24 -> 46.133333 | J87: 16.286782 | K87: 23.33854 | L87: 62.374954 | N87: 0.19009485 | O87: 0.2635369 | P87: =+J87/SUM($J87:$O87) -> 0.15896692 | Q87: =+K87/SUM($J87:$O87) -> 0.22779551 | R87: =+L87/SUM($J87:$O87) -> 0.60880991 | S87: =+N87/SUM($J87:$O87) -> 0.0018554183 | T87: =+P87*C87/1000/60/24.3*2*96485/-1/G87 -> 0.40857403 | U87: =+Q87*C87/1000/60/24.3*2*96485/-1/G87 -> 0.58547609 | W87: =+T87+U87 -> 0.99405012 | X87: =+K87/(K87+L87) -> 0.27228548 | Y87: =+SUM(J87:L87) -> 102.00028
A88: Ag60 GDE in PTFE holder | B88: 60 | C88: =+'Flow rate'!E87 -> 9.629074 | D88: 0.3 M Na2SO4 | E88: 0.05 M H2SO4 | F88: CCM-CEM | G88: -0.5 | H88: 45410.532 | I88: =+(H88-H$2)*24 -> 46.733333 | J88: 16.838079 | K88: 23.567376 | L88: 61.470552 | N88: 0.19207817 | O88: 0.25365786 | P88: =+J88/SUM($J88:$O88) -> 0.16456012 | Q88: =+K88/SUM($J88:$O88) -> 0.23032618 | R88: =+L88/SUM($J88:$O88) -> 0.60075748 | S88: =+N88/SUM($J88:$O88) -> 0.001877198 | T88: =+P88*C88/1000/60/24.3*2*96485/-1/G88 -> 0.4194415 | U88: =+Q88*C88/1000/60/24.3*2*96485/-1/G88 -> 0.58707028 | W88: =+T88+U88 -> 1.0065118 | X88: =+K88/(K88+L88) -> 0.27713958
A89: Ag60 GDE in PTFE holder | B89: 60 | C89: =+'Flow rate'!E88 -> 9.214127 | D89: 0.3 M Na2SO4 | E89: 0.05 M H2SO4 | F89: CCM-CEM | G89: -0.5 | H89: 45410.557 | I89: =+(H89-H$2)*24 -> 47.333333 | J89: 17.182768 | K89: 23.74638 | L89: 61.03753 | N89: 0.19387218 | O89: 0.26132326 | P89: =+J89/SUM($J89:$O89) -> 0.16776463 | Q89: =+K89/SUM($J89:$O89) -> 0.23184872 | R89: =+L89/SUM($J89:$O89) -> 0.59594233 | S89: =+N89/SUM($J89:$O89) -> 0.0018928787 | T89: =+P89*C89/1000/60/24.3*2*96485/-1/G89 -> 0.40918233 | U89: =+Q89*C89/1000/60/24.3*2*96485/-1/G89 -> 0.56548509 | W89: =+T89+U89 -> 0.97466742 | X89: =+K89/(K89+L89) -> 0.28008121 | Y89: =+SUM(J89:L89) -> 101.96668
A90: Ag60 GDE in PTFE holder | B90: 60 | C90: =+'Flow rate'!E89 -> 9.127813 | D90: 0.3 M Na2SO4 | E90: 0.05 M H2SO4 | F90: CCM-CEM | G90: -0.5 | H90: 45410.569 | I90: =+(H90-H$2)*24 -> 47.616667 | J90: 17.190981 | K90: 23.847882 | L90: 60.803394 | N90: 0.21391458 | O90: 0.34084859 | P90: =+J90/SUM($J90:$O90) -> 0.16788556 | Q90: =+K90/SUM($J90:$O90) -> 0.23289625 | R90: =+L90/SUM($J90:$O90) -> 0.59380043 | S90: =+N90/SUM($J90:$O90) -> 0.0020890704 | T90: =+P90*C90/1000/60/24.3*2*96485/-1/G90 -> 0.40564146 | U90: =+Q90*C90/1000/60/24.3*2*96485/-1/G90 -> 0.5627189 | W90: =+T90+U90 -> 0.96836036 | X90: =+K90/(K90+L90) -> 0.28171911
A91: Ag60 GDE in PTFE holder | B91: 60 | C91: =+'Flow rate'!E90 -> 8.780187 | D91: 0.3 M Na2SO4 | E91: 0.05 M H2SO4 | F91: CCM-CEM | G91: -0.5 | H91: 45410.717 | I91: =+(H91-H$2)*24 -> 51.183333 | J91: 17.978465 | K91: 24.259399 | L91: 60.533908 | N91: 0.18567473 | O91: 0.20687271 | P91: =+J91/SUM($J91:$O91) -> 0.17427018 | Q91: =+K91/SUM($J91:$O91) -> 0.235153 | R91: =+L91/SUM($J91:$O91) -> 0.58677175 | S91: =+N91/SUM($J91:$O91) -> 0.001799796 | T91: =+P91*C91/1000/60/24.3*2*96485/-1/G91 -> 0.4050318 | U91: =+Q91*C91/1000/60/24.3*2*96485/-1/G91 -> 0.54653321 | W91: =+T91+U91 -> 0.95156501 | X91: =+K91/(K91+L91) -> 0.2861004 | Y91: =+SUM(J91:L91) -> 102.77177
A92: Ag60 GDE in PTFE holder | B92: 60 | C92: =+'Flow rate'!E91 -> 8.863067 | D92: 0.3 M Na2SO4 | E92: 0.05 M H2SO4 | F92: CCM-CEM | G92: -0.5 | H92: 45410.729 | I92: =+(H92-H$2)*24 -> 51.466667 | J92: 17.987267 | K92: 24.60007 | L92: 59.826606 | N92: 0.2177518 | O92: 0.32057055 | P92: =+J92/SUM($J92:$O92) -> 0.17471463 | Q92: =+K92/SUM($J92:$O92) -> 0.23894637 | R92: =+L92/SUM($J92:$O92) -> 0.58111015 | S92: =+N92/SUM($J92:$O92) -> 0.0021150754 | T92: =+P92*C92/1000/60/24.3*2*96485/-1/G92 -> 0.40989778 | U92: =+Q92*C92/1000/60/24.3*2*96485/-1/G92 -> 0.5605918 | W92: =+T92+U92 -> 0.97048958 | X92: =+K92/(K92+L92) -> 0.29137793
A93: Ag60 GDE in PTFE holder | B93: 60 | C93: =+'Flow rate'!E92 -> 9.12186 | D93: 0.3 M Na2SO4 | E93: 0.05 M H2SO4 | F93: CCM-CEM | G93: -0.5 | H93: 45410.741 | I93: =+(H93-H$2)*24 -> 51.75 | J93: 17.972021 | K93: 24.623455 | L93: 59.644369 | N93: 0.24110722 | O93: 0.41252455 | P93: =+J93/SUM($J93:$O93) -> 0.17466628 | Q93: =+K93/SUM($J93:$O93) -> 0.23931016 | R93: =+L93/SUM($J93:$O93) -> 0.57967104 | S93: =+N93/SUM($J93:$O93) -> 0.0023432703 | T93: =+P93*C93/1000/60/24.3*2*96485/-1/G93 -> 0.42174967 | U93: =+Q93*C93/1000/60/24.3*2*96485/-1/G93 -> 0.57783895 | W93: =+T93+U93 -> 0.99958862 | X93: =+K93/(K93+L93) -> 0.29220471 | Y93: =+SUM(J93:L93) -> 102.23985
A94: Ag60 GDE in PTFE holder | B94: 60 | C94: =+'Flow rate'!E93 -> 7.776955 | D94: 0.3 M Na2SO4 | E94: 0.05 M H2SO4 | F94: CCM-CEM | G94: -0.5 | H94: 45410.766 | I94: =+(H94-H$2)*24 -> 52.35 | J94: 19.964235 | K94: 24.097968 | L94: 58.237803 | N94: 0.23278615 | O94: 0.34343638 | P94: =+J94/SUM($J94:$O94) -> 0.19406072 | Q94: =+K94/SUM($J94:$O94) -> 0.23424234 | R94: =+L94/SUM($J94:$O94) -> 0.56609582 | S94: =+N94/SUM($J94:$O94) -> 0.0022627788 | T94: =+P94*C94/1000/60/24.3*2*96485/-1/G94 -> 0.39949329 | U94: =+Q94*C94/1000/60/24.3*2*96485/-1/G94 -> 0.48221115 | W94: =+T94+U94 -> 0.88170444 | X94: =+K94/(K94+L94) -> 0.29267921
A95: Ag60 GDE in PTFE holder | B95: 60 | C95: =+'Flow rate'!E94 -> 7.5471 | D95: 0.3 M Na2SO4 | E95: 0.05 M H2SO4 | F95: CCM-CEM | G95: -0.5 | H95: 45410.791 | I95: =+(H95-H$2)*24 -> 52.95 | J95: 23.469918 | K95: 22.986119 | L95: 55.784991 | N95: 0.235902 | O95: 0.33664321 | P95: =+J95/SUM($J95:$O95) -> 0.22827645 | Q95: =+K95/SUM($J95:$O95) -> 0.22357086 | R95: =+L95/SUM($J95:$O95) -> 0.54258392 | S95: =+N95/SUM($J95:$O95) -> 0.0022944636 | T95: =+P95*C95/1000/60/24.3*2*96485/-1/G95 -> 0.45604057 | U95: =+Q95*C95/1000/60/24.3*2*96485/-1/G95 -> 0.44663996 | W95: =+T95+U95 -> 0.90268053 | X95: =+K95/(K95+L95) -> 0.291809 | Y95: =+SUM(J95:L95) -> 102.24103
A96: Ag60 GDE in PTFE holder | B96: 60 | C96: =+'Flow rate'!E95 -> 7.594868 | D96: 0.3 M Na2SO4 | E96: 0.05 M H2SO4 | F96: CCM-CEM | G96: -0.5 | H96: 45410.816 | I96: =+(H96-H$2)*24 -> 53.55 | J96: 25.736827 | K96: 22.613707 | L96: 53.894892 | N96: 0.24131801 | O96: 0.34531472 | P96: =+J96/SUM($J96:$O96) -> 0.25028019 | Q96: =+K96/SUM($J96:$O96) -> 0.21990912 | R96: =+L96/SUM($J96:$O96) -> 0.52410593 | S96: =+N96/SUM($J96:$O96) -> 0.0023467196 | T96: =+P96*C96/1000/60/24.3*2*96485/-1/G96 -> 0.50316332 | U96: =+Q96*C96/1000/60/24.3*2*96485/-1/G96 -> 0.44210532 | W96: =+T96+U96 -> 0.94526863 | X96: =+K96/(K96+L96) -> 0.29557079
A97: Ag60 GDE in PTFE holder | B97: 60 | C97: =+'Flow rate'!E96 -> 7.469187 | D97: 0.3 M Na2SO4 | E97: 0.05 M H2SO4 | F97: CCM-CEM | G97: -0.5 | H97: 45410.841 | I97: =+(H97-H$2)*24 -> 54.15 | J97: 27.066289 | K97: 22.652562 | L97: 52.509778 | N97: 0.2487407 | O97: 0.36403051 | P97: =+J97/SUM($J97:$O97) -> 0.26318476 | Q97: =+K97/SUM($J97:$O97) -> 0.22026695 | R97: =+L97/SUM($J97:$O97) -> 0.51058988 | S97: =+N97/SUM($J97:$O97) -> 0.0024186825 | T97: =+P97*C97/1000/60/24.3*2*96485/-1/G97 -> 0.52035093 | U97: =+Q97*C97/1000/60/24.3*2*96485/-1/G97 -> 0.43549678 | W97: =+T97+U97 -> 0.9558477 | X97: =+K97/(K97+L97) -> 0.30138181 | Y97: =+SUM(J97:L97) -> 102.22863
A98: Ag60 GDE in PTFE holder | B98: 60 | C98: =+'Flow rate'!E97 -> 7.121274 | D98: 0.3 M Na2SO4 | E98: 0.05 M H2SO4 | F98: CCM-CEM | G98: -0.5 | H98: 45410.866 | I98: =+(H98-H$2)*24 -> 54.75 | J98: 27.931726 | K98: 22.677567 | L98: 51.59279 | N98: 0.25415458 | O98: 0.37638712 | P98: =+J98/SUM($J98:$O98) -> 0.27162319 | Q98: =+K98/SUM($J98:$O98) -> 0.22052891 | R98: =+L98/SUM($J98:$O98) -> 0.50171617 | S98: =+N98/SUM($J98:$O98) -> 0.0024715364 | T98: =+P98*C98/1000/60/24.3*2*96485/-1/G98 -> 0.51201987 | U98: =+Q98*C98/1000/60/24.3*2*96485/-1/G98 -> 0.41570525 | W98: =+T98+U98 -> 0.92772511 | X98: =+K98/(K98+L98) -> 0.30533806
A99: Ag60 GDE in PTFE holder | B99: 60 | C99: =+'Flow rate'!E98 -> 7.408038 | D99: 0.3 M Na2SO4 | E99: 0.05 M H2SO4 | F99: CCM-CEM | G99: -0.5 | H99: 45410.891 | I99: =+(H99-H$2)*24 -> 55.35 | J99: 28.591218 | K99: 22.72086 | L99: 50.863311 | N99: 0.25739035 | O99: 0.3828184 | P99: =+J99/SUM($J99:$O99) -> 0.2780825 | Q99: =+K99/SUM($J99:$O99) -> 0.22098651 | R99: =+L99/SUM($J99:$O99) -> 0.49470423 | S99: =+N99/SUM($J99:$O99) -> 0.0025034173 | T99: =+P99*C99/1000/60/24.3*2*96485/-1/G99 -> 0.54530455 | U99: =+Q99*C99/1000/60/24.3*2*96485/-1/G99 -> 0.43334244 | W99: =+T99+U99 -> 0.978647 | X99: =+K99/(K99+L99) -> 0.30877374 | Y99: =+SUM(J99:L99) -> 102.17539
A100: Ag60 GDE in PTFE holder | B100: 60 | C100: =+'Flow rate'!E99 -> 7.309804 | D100: 0.3 M Na2SO4 | E100: 0.05 M H2SO4 | F100: CCM-CEM | G100: -0.5 | H100: 45410.916 | I100: =+(H100-H$2)*24 -> 55.95 | J100: 29.083241 | K100: 22.816523 | L100: 50.212002 | N100: 0.26268834 | O100: 0.39393585 | P100: =+J100/SUM($J100:$O100) -> 0.28299792 | Q100: =+K100/SUM($J100:$O100) -> 0.22201888 | R100: =+L100/SUM($J100:$O100) -> 0.48859384 | S100: =+N100/SUM($J100:$O100) -> 0.0025561201 | T100: =+P100*C100/1000/60/24.3*2*96485/-1/G100 -> 0.54758463 | U100: =+Q100*C100/1000/60/24.3*2*96485/-1/G100 -> 0.42959371 | W100: =+T100+U100 -> 0.97717834 | X100: =+K100/(K100+L100) -> 0.31243303
...

Sheet Flow rate
B1: 0.6Mna2so4ph3 | C1: =+'Acidic catholyte_Cs2SO4'!H2 -> 45408.585 | D1: =+C1-2/24 -> 45408.501 | E1: {=INDEX(B$1:B$224233, MATCH(D1,A$1:A$224233,1) +0)} -> 56.151374
A2: 45408.44 | B2: 0 | C2: =+'Acidic catholyte_Cs2SO4'!H3 -> 45408.591 | D2: =+C2-2/24 -> 45408.508 | E2: {=INDEX(B$1:B$224233, MATCH(D2,A$1:A$224233,1) +0)} -> 55.082611
A3: 45408.44 | B3: 0 | C3: =+'Acidic catholyte_Cs2SO4'!H4 -> 45408.608 | D3: =+C3-2/24 -> 45408.525 | E3: {=INDEX(B$1:B$224233, MATCH(D3,A$1:A$224233,1) +0)} -> 57.183324
A4: 45408.441 | B4: 56.939609 | C4: =+'Acidic catholyte_Cs2SO4'!H5 -> 45408.626 | D4: =+C4-2/24 -> 45408.543 | E4: {=INDEX(B$1:B$224233, MATCH(D4,A$1:A$224233,1) +0)} -> 58.115887
A5: 45408.442 | B5: 48.095144 | C5: =+'Acidic catholyte_Cs2SO4'!H6 -> 45408.644 | D5: =+C5-2/24 -> 45408.56 | E5: {=INDEX(B$1:B$224233, MATCH(D5,A$1:A$224233,1) +0)} -> 58.045685
A6: 45408.442 | B6: 48.236306 | C6: =+'Acidic catholyte_Cs2SO4'!H7 -> 45408.662 | D6: =+C6-2/24 -> 45408.578 | E6: {=INDEX(B$1:B$224233, MATCH(D6,A$1:A$224233,1) +0)} -> 58.903171
A7: 45408.443 | B7: 48.080766 | C7: =+'Acidic catholyte_Cs2SO4'!H8 -> 45408.679 | D7: =+C7-2/24 -> 45408.596 | E7: {=INDEX(B$1:B$224233, MATCH(D7,A$1:A$224233,1) +0)} -> 58.602159
A8: 45408.444 | B8: 47.987889 | C8: =+'Acidic catholyte_Cs2SO4'!H9 -> 45408.697 | D8: =+C8-2/24 -> 45408.614 | E8: {=INDEX(B$1:B$224233, MATCH(D8,A$1:A$224233,1) +0)} -> 58.569921
A9: 45408.444 | B9: 47.180721 | C9: =+'Acidic catholyte_Cs2SO4'!H10 -> 45408.715 | D9: =+C9-2/24 -> 45408.631 | E9: {=INDEX(B$1:B$224233, MATCH(D9,A$1:A$224233,1) +0)} -> 58.313673
A10: 45408.445 | B10: 46.90771 | C10: =+'Acidic catholyte_Cs2SO4'!H11 -> 45408.733 | D10: =+C10-2/24 -> 45408.649 | E10: {=INDEX(B$1:B$224233, MATCH(D10,A$1:A$224233,1) +0)} -> 59.759113
A11: 45408.446 | B11: 47.185285 | C11: =+'Acidic catholyte_Cs2SO4'!H12 -> 45408.75 | D11: =+C11-2/24 -> 45408.667 | E11: {=INDEX(B$1:B$224233, MATCH(D11,A$1:A$224233,1) +0)} -> 59.335781
A12: 45408.447 | B12: 47.248538 | C12: =+'Acidic catholyte_Cs2SO4'!H13 -> 45408.768 | D12: =+C12-2/24 -> 45408.685 | E12: {=INDEX(B$1:B$224233, MATCH(D12,A$1:A$224233,1) +0)} -> 60.443483
A13: 45408.447 | B13: 47.035211 | C13: =+'Acidic catholyte_Cs2SO4'!H14 -> 45408.785 | D13: =+C13-2/24 -> 45408.702 | E13: {=INDEX(B$1:B$224233, MATCH(D13,A$1:A$224233,1) +0)} -> 60.575346
... A119: 45408.521 | B119: 57.415127 | C119: =+'Acidic catholyte_Cs2SO4'!H120 -> 45411.417 | D119: =+C119-2/24 -> 45411.333 | E119: {=INDEX(B$1:B$224233, MATCH(D119,A$1:A$224233,1) +0)} -> 6.786569
A120: 45408.522 | B120: 57.805289
A121: 45408.522 | B121: 57.334504
A122: 45408.523 | B122: 57.81018
A123: 45408.524 | B123: 56.680865
A124: 45408.524 | B124: 57.183324
A125: 45408.525 | B125: 56.83307
A126: 45408.526 | B126: 56.517297
A127: 45408.526 | B127: 55.862331
A128: 45408.527 | B128: 58.119754
A129: 45408.528 | B129: 57.456195
A130: 45408.528 | B130: 57.394972
A131: 45408.529 | B131: 57.270526
... A4189: 45411.347 | B4189: 4.233139
